id,name,priority,keywordCount,numericMetricCount,volumeUnavailableCount,highestObservedKeyword,highestObservedVolume,liveSerpStatus,funnelCoverage,proposedPageType,boundaryDecision
mli-select-requirements,"MLI Select requirements, scoring, and takeout readiness",P1,20,3,17,cmhc mli select requirements,30,validated-on-one-representative-query,awareness-research | feasibility-consideration | buying-signal,Primary-source-backed program guide + eligibility checklist + scenario calculator,Confirm the final page boundary with a live SERP before content production.
garden-suite-cost-feasibility,"Garden-suite cost, feasibility, permits, rent, and ROI",P1,25,8,17,garden suites toronto,590,validated-on-one-representative-query,feasibility-consideration | awareness-research | buying-signal,Local feasibility guide + cost model + permit/source navigator,"One Toronto cost/feasibility hub can support permits, ROI, rent, financing, and municipality-specific child resources without cloning city pages."
draw-schedule-cash-flow,"Construction draw schedules, cash-flow gaps, and DrawFlow",P1,12,6,6,construction loan draw schedule,10,validated-on-one-representative-query,awareness-research | feasibility-consideration,Explainer + worked schedule + downloadable template + comparison + video,Explain conventional draw mechanics first; introduce DrawFlow only at the cash-flow comparison and qualification stage.
municipal-permits-zoning,"Toronto/GTA permits, zoning, and development-application navigation",P1,7,4,3,toronto building permit,2400,not-yet-validated,awareness-research,Municipal source navigator + step-by-step readiness checklist,Confirm the final page boundary with a live SERP before content production.
multiplex-feasibility,"Multiplex feasibility, conversion, and 5+ unit boundary",P2,13,0,13,,,not-yet-validated,awareness-research,Feasibility guide + property-screening checklist + 2–4 versus 5+ decision tree,Keep 2–4-unit municipal multiplex education separate from the 5+ unit MLI/takeout path; cross-link with a decision tree.
modular-prefab-financing,Modular/prefabricated construction financing,P2,3,1,2,modular construction financing,10,not-yet-validated,feasibility-consideration,Financing-readiness guide for off-site deposits and takeout compatibility,Confirm the final page boundary with a live SERP before content production.
rental-conversion-takeout,"Rental conversion, stabilization, and construction-to-takeout planning",P2,3,0,3,,,not-yet-validated,feasibility-consideration,End-to-end conversion and takeout roadmap,Confirm the final page boundary with a live SERP before content production.
builder-capital-readiness,Builder working capital and project-readiness,P2,11,2,9,builder financing construction,10,not-yet-validated,feasibility-consideration | buying-signal,Builder-readiness guide + document checklist + qualification pathway,Confirm the final page boundary with a live SERP before content production.
construction-financing-readiness,Construction-financing requirements and process,P2,36,20,16,construction loans canada,140,not-yet-validated,feasibility-consideration | awareness-research | buying-signal,Requirements guide + budget/document checklist + financing process map,Confirm the final page boundary with a live SERP before content production.
