"id","question","segmentId","segmentName","primaryFunnelLayer","layerName","intent","clusterId","targetPath","answerFormat","schemaCandidate","source","observedAt","confidence"
"Q-001","What is an A-lender mortgage, and how does it work in Ontario?","prime-a","A / prime institutional mortgages","L1","awareness-education","educational question","a-guide","/resources/a-lender-mortgage-requirements-ontario","concise answer + evidence + next step","FAQPage only when visibly answered and policy-compliant","Answer Socrates / PAA-style semantic expansion; current SERP themes","2026-07-20","semantic hypothesis"
"Q-002","Who is an A-lender mortgage designed for?","prime-a","A / prime institutional mortgages","L1","awareness-education","educational question","a-guide","/resources/a-lender-mortgage-requirements-ontario","concise answer + evidence + next step","FAQPage only when visibly answered and policy-compliant","Answer Socrates / PAA-style semantic expansion; current SERP themes","2026-07-20","semantic hypothesis"
"Q-003","What are the main risks and benefits of an A-lender mortgage?","prime-a","A / prime institutional mortgages","L1","awareness-education","educational question","a-guide","/resources/a-lender-mortgage-requirements-ontario","concise answer + evidence + next step","FAQPage only when visibly answered and policy-compliant","Answer Socrates / PAA-style semantic expansion; current SERP themes","2026-07-20","semantic hypothesis"
"Q-004","Can I qualify for an A-lender mortgage with my income, credit, and equity?","prime-a","A / prime institutional mortgages","L2","problem-project-feasibility","educational question","a-guide","/resources/a-lender-mortgage-requirements-ontario","concise answer + evidence + next step","FAQPage only when visibly answered and policy-compliant","Answer Socrates / PAA-style semantic expansion; current SERP themes","2026-07-20","semantic hypothesis"
"Q-005","How much could I borrow through an A-lender mortgage?","prime-a","A / prime institutional mortgages","L2","problem-project-feasibility","educational question","a-guide","/resources/a-lender-mortgage-requirements-ontario","concise answer + evidence + next step","FAQPage only when visibly answered and policy-compliant","Answer Socrates / PAA-style semantic expansion; current SERP themes","2026-07-20","semantic hypothesis"
"Q-006","What property, appraisal, or project conditions affect an A-lender mortgage?","prime-a","A / prime institutional mortgages","L2","problem-project-feasibility","educational question","a-guide","/resources/a-lender-mortgage-requirements-ontario","concise answer + evidence + next step","FAQPage only when visibly answered and policy-compliant","Answer Socrates / PAA-style semantic expansion; current SERP themes","2026-07-20","semantic hypothesis"
"Q-007","How does an A-lender mortgage compare with the next-best financing option?","prime-a","A / prime institutional mortgages","L3","evaluation-planning-comparison","educational question","lender-comparison","/resources/a-vs-b-vs-private-mortgage","comparison table","FAQPage only when visibly answered and policy-compliant","Answer Socrates / PAA-style semantic expansion; current SERP themes","2026-07-20","semantic hypothesis"
"Q-008","What is the total cost of an A-lender mortgage, including fees and penalties?","prime-a","A / prime institutional mortgages","L3","evaluation-planning-comparison","educational question","lender-comparison","/resources/a-vs-b-vs-private-mortgage","comparison table","FAQPage only when visibly answered and policy-compliant","Answer Socrates / PAA-style semantic expansion; current SERP themes","2026-07-20","semantic hypothesis"
"Q-009","Which lender or structure is the better fit for my scenario?","prime-a","A / prime institutional mortgages","L3","evaluation-planning-comparison","educational question","lender-comparison","/resources/a-vs-b-vs-private-mortgage","comparison table","FAQPage only when visibly answered and policy-compliant","Answer Socrates / PAA-style semantic expansion; current SERP themes","2026-07-20","semantic hypothesis"
"Q-010","What documents do I need to apply for an A-lender mortgage?","prime-a","A / prime institutional mortgages","L4","qualification-commercial-investigation","educational question","a-service","/borrowers/institutional-mortgage","concise answer + evidence + next step","FAQPage only when visibly answered and policy-compliant","Answer Socrates / PAA-style semantic expansion; current SERP themes","2026-07-20","semantic hypothesis"
"Q-011","How long does approval and funding take for an A-lender mortgage?","prime-a","A / prime institutional mortgages","L4","qualification-commercial-investigation","educational question","a-service","/borrowers/institutional-mortgage","concise answer + evidence + next step","FAQPage only when visibly answered and policy-compliant","Answer Socrates / PAA-style semantic expansion; current SERP themes","2026-07-20","semantic hypothesis"
"Q-012","What rates, fees, term, and exit plan should I expect?","prime-a","A / prime institutional mortgages","L4","qualification-commercial-investigation","educational question","a-service","/borrowers/institutional-mortgage","concise answer + evidence + next step","FAQPage only when visibly answered and policy-compliant","Answer Socrates / PAA-style semantic expansion; current SERP themes","2026-07-20","semantic hypothesis"
"Q-013","What should I do if I need an A-lender mortgage before a closing or enforcement deadline?","prime-a","A / prime institutional mortgages","L5","transaction-urgency-rescue","urgent question","a-service","/borrowers/institutional-mortgage","triage checklist","FAQPage only when visibly answered and policy-compliant","Answer Socrates / PAA-style semantic expansion; current SERP themes","2026-07-20","semantic hypothesis"
"Q-014","Can an A-lender mortgage work after a bank decline or arrears?","prime-a","A / prime institutional mortgages","L5","transaction-urgency-rescue","urgent question","a-service","/borrowers/institutional-mortgage","triage checklist","FAQPage only when visibly answered and policy-compliant","Answer Socrates / PAA-style semantic expansion; current SERP themes","2026-07-20","semantic hypothesis"
"Q-015","Who should I contact first when the financing problem is urgent?","prime-a","A / prime institutional mortgages","L5","transaction-urgency-rescue","urgent question","a-service","/borrowers/institutional-mortgage","triage checklist","FAQPage only when visibly answered and policy-compliant","Answer Socrates / PAA-style semantic expansion; current SERP themes","2026-07-20","semantic hypothesis"
"Q-016","What is a B-lender or alternative mortgage, and how does it work in Ontario?","alternative-b","B / alternative institutional mortgages","L1","awareness-education","educational question","b-guide","/resources/b-lender-mortgage-ontario","concise answer + evidence + next step","FAQPage only when visibly answered and policy-compliant","Answer Socrates / PAA-style semantic expansion; current SERP themes","2026-07-20","semantic hypothesis"
"Q-017","Who is a B-lender or alternative mortgage designed for?","alternative-b","B / alternative institutional mortgages","L1","awareness-education","educational question","b-guide","/resources/b-lender-mortgage-ontario","concise answer + evidence + next step","FAQPage only when visibly answered and policy-compliant","Answer Socrates / PAA-style semantic expansion; current SERP themes","2026-07-20","semantic hypothesis"
"Q-018","What are the main risks and benefits of a B-lender or alternative mortgage?","alternative-b","B / alternative institutional mortgages","L1","awareness-education","educational question","b-guide","/resources/b-lender-mortgage-ontario","concise answer + evidence + next step","FAQPage only when visibly answered and policy-compliant","Answer Socrates / PAA-style semantic expansion; current SERP themes","2026-07-20","semantic hypothesis"
"Q-019","Can I qualify for a B-lender or alternative mortgage with my income, credit, and equity?","alternative-b","B / alternative institutional mortgages","L2","problem-project-feasibility","educational question","b-guide","/resources/b-lender-mortgage-ontario","concise answer + evidence + next step","FAQPage only when visibly answered and policy-compliant","Answer Socrates / PAA-style semantic expansion; current SERP themes","2026-07-20","semantic hypothesis"
"Q-020","How much could I borrow through a B-lender or alternative mortgage?","alternative-b","B / alternative institutional mortgages","L2","problem-project-feasibility","educational question","b-guide","/resources/b-lender-mortgage-ontario","concise answer + evidence + next step","FAQPage only when visibly answered and policy-compliant","Answer Socrates / PAA-style semantic expansion; current SERP themes","2026-07-20","semantic hypothesis"
"Q-021","What property, appraisal, or project conditions affect a B-lender or alternative mortgage?","alternative-b","B / alternative institutional mortgages","L2","problem-project-feasibility","educational question","b-guide","/resources/b-lender-mortgage-ontario","concise answer + evidence + next step","FAQPage only when visibly answered and policy-compliant","Answer Socrates / PAA-style semantic expansion; current SERP themes","2026-07-20","semantic hypothesis"
"Q-022","How does a B-lender or alternative mortgage compare with the next-best financing option?","alternative-b","B / alternative institutional mortgages","L3","evaluation-planning-comparison","educational question","lender-comparison","/resources/a-vs-b-vs-private-mortgage","comparison table","FAQPage only when visibly answered and policy-compliant","Answer Socrates / PAA-style semantic expansion; current SERP themes","2026-07-20","semantic hypothesis"
"Q-023","What is the total cost of a B-lender or alternative mortgage, including fees and penalties?","alternative-b","B / alternative institutional mortgages","L3","evaluation-planning-comparison","educational question","lender-comparison","/resources/a-vs-b-vs-private-mortgage","comparison table","FAQPage only when visibly answered and policy-compliant","Answer Socrates / PAA-style semantic expansion; current SERP themes","2026-07-20","semantic hypothesis"
"Q-024","Which lender or structure is the better fit for my scenario?","alternative-b","B / alternative institutional mortgages","L3","evaluation-planning-comparison","educational question","lender-comparison","/resources/a-vs-b-vs-private-mortgage","comparison table","FAQPage only when visibly answered and policy-compliant","Answer Socrates / PAA-style semantic expansion; current SERP themes","2026-07-20","semantic hypothesis"
"Q-025","What documents do I need to apply for a B-lender or alternative mortgage?","alternative-b","B / alternative institutional mortgages","L4","qualification-commercial-investigation","educational question","b-service","/borrowers/alternative-mortgage","concise answer + evidence + next step","FAQPage only when visibly answered and policy-compliant","Answer Socrates / PAA-style semantic expansion; current SERP themes","2026-07-20","semantic hypothesis"
"Q-026","How long does approval and funding take for a B-lender or alternative mortgage?","alternative-b","B / alternative institutional mortgages","L4","qualification-commercial-investigation","educational question","b-service","/borrowers/alternative-mortgage","concise answer + evidence + next step","FAQPage only when visibly answered and policy-compliant","Answer Socrates / PAA-style semantic expansion; current SERP themes","2026-07-20","semantic hypothesis"
"Q-027","What rates, fees, term, and exit plan should I expect?","alternative-b","B / alternative institutional mortgages","L4","qualification-commercial-investigation","educational question","b-service","/borrowers/alternative-mortgage","concise answer + evidence + next step","FAQPage only when visibly answered and policy-compliant","Answer Socrates / PAA-style semantic expansion; current SERP themes","2026-07-20","semantic hypothesis"
"Q-028","What should I do if I need a B-lender or alternative mortgage before a closing or enforcement deadline?","alternative-b","B / alternative institutional mortgages","L5","transaction-urgency-rescue","urgent question","b-service","/borrowers/alternative-mortgage","triage checklist","FAQPage only when visibly answered and policy-compliant","Answer Socrates / PAA-style semantic expansion; current SERP themes","2026-07-20","semantic hypothesis"
"Q-029","Can a B-lender or alternative mortgage work after a bank decline or arrears?","alternative-b","B / alternative institutional mortgages","L5","transaction-urgency-rescue","urgent question","b-service","/borrowers/alternative-mortgage","triage checklist","FAQPage only when visibly answered and policy-compliant","Answer Socrates / PAA-style semantic expansion; current SERP themes","2026-07-20","semantic hypothesis"
"Q-030","Who should I contact first when the financing problem is urgent?","alternative-b","B / alternative institutional mortgages","L5","transaction-urgency-rescue","urgent question","b-service","/borrowers/alternative-mortgage","triage checklist","FAQPage only when visibly answered and policy-compliant","Answer Socrates / PAA-style semantic expansion; current SERP themes","2026-07-20","semantic hypothesis"
"Q-031","What is a private mortgage, and how does it work in Ontario?","private","Private mortgages","L1","awareness-education","educational question","private-guide","/resources/private-mortgage-costs-ontario","concise answer + evidence + next step","FAQPage only when visibly answered and policy-compliant","Answer Socrates / PAA-style semantic expansion; current SERP themes","2026-07-20","semantic hypothesis"
"Q-032","Who is a private mortgage designed for?","private","Private mortgages","L1","awareness-education","educational question","private-guide","/resources/private-mortgage-costs-ontario","concise answer + evidence + next step","FAQPage only when visibly answered and policy-compliant","Answer Socrates / PAA-style semantic expansion; current SERP themes","2026-07-20","semantic hypothesis"
"Q-033","What are the main risks and benefits of a private mortgage?","private","Private mortgages","L1","awareness-education","educational question","private-guide","/resources/private-mortgage-costs-ontario","concise answer + evidence + next step","FAQPage only when visibly answered and policy-compliant","Answer Socrates / PAA-style semantic expansion; current SERP themes","2026-07-20","semantic hypothesis"
"Q-034","Can I qualify for a private mortgage with my income, credit, and equity?","private","Private mortgages","L2","problem-project-feasibility","educational question","private-guide","/resources/private-mortgage-costs-ontario","concise answer + evidence + next step","FAQPage only when visibly answered and policy-compliant","Answer Socrates / PAA-style semantic expansion; current SERP themes","2026-07-20","semantic hypothesis"
"Q-035","How much could I borrow through a private mortgage?","private","Private mortgages","L2","problem-project-feasibility","educational question","private-guide","/resources/private-mortgage-costs-ontario","concise answer + evidence + next step","FAQPage only when visibly answered and policy-compliant","Answer Socrates / PAA-style semantic expansion; current SERP themes","2026-07-20","semantic hypothesis"
"Q-036","What property, appraisal, or project conditions affect a private mortgage?","private","Private mortgages","L2","problem-project-feasibility","educational question","private-guide","/resources/private-mortgage-costs-ontario","concise answer + evidence + next step","FAQPage only when visibly answered and policy-compliant","Answer Socrates / PAA-style semantic expansion; current SERP themes","2026-07-20","semantic hypothesis"
"Q-037","How does a private mortgage compare with the next-best financing option?","private","Private mortgages","L3","evaluation-planning-comparison","educational question","lender-comparison","/resources/a-vs-b-vs-private-mortgage","comparison table","FAQPage only when visibly answered and policy-compliant","Answer Socrates / PAA-style semantic expansion; current SERP themes","2026-07-20","semantic hypothesis"
"Q-038","What is the total cost of a private mortgage, including fees and penalties?","private","Private mortgages","L3","evaluation-planning-comparison","educational question","lender-comparison","/resources/a-vs-b-vs-private-mortgage","comparison table","FAQPage only when visibly answered and policy-compliant","Answer Socrates / PAA-style semantic expansion; current SERP themes","2026-07-20","semantic hypothesis"
"Q-039","Which lender or structure is the better fit for my scenario?","private","Private mortgages","L3","evaluation-planning-comparison","educational question","lender-comparison","/resources/a-vs-b-vs-private-mortgage","comparison table","FAQPage only when visibly answered and policy-compliant","Answer Socrates / PAA-style semantic expansion; current SERP themes","2026-07-20","semantic hypothesis"
"Q-040","What documents do I need to apply for a private mortgage?","private","Private mortgages","L4","qualification-commercial-investigation","educational question","private-service","/borrowers/private-mortgage-financing","concise answer + evidence + next step","FAQPage only when visibly answered and policy-compliant","Answer Socrates / PAA-style semantic expansion; current SERP themes","2026-07-20","semantic hypothesis"
"Q-041","How long does approval and funding take for a private mortgage?","private","Private mortgages","L4","qualification-commercial-investigation","educational question","private-service","/borrowers/private-mortgage-financing","concise answer + evidence + next step","FAQPage only when visibly answered and policy-compliant","Answer Socrates / PAA-style semantic expansion; current SERP themes","2026-07-20","semantic hypothesis"
"Q-042","What rates, fees, term, and exit plan should I expect?","private","Private mortgages","L4","qualification-commercial-investigation","educational question","private-service","/borrowers/private-mortgage-financing","concise answer + evidence + next step","FAQPage only when visibly answered and policy-compliant","Answer Socrates / PAA-style semantic expansion; current SERP themes","2026-07-20","semantic hypothesis"
"Q-043","What should I do if I need a private mortgage before a closing or enforcement deadline?","private","Private mortgages","L5","transaction-urgency-rescue","urgent question","private-service","/borrowers/private-mortgage-financing","triage checklist","FAQPage only when visibly answered and policy-compliant","Answer Socrates / PAA-style semantic expansion; current SERP themes","2026-07-20","semantic hypothesis"
"Q-044","Can a private mortgage work after a bank decline or arrears?","private","Private mortgages","L5","transaction-urgency-rescue","urgent question","private-service","/borrowers/private-mortgage-financing","triage checklist","FAQPage only when visibly answered and policy-compliant","Answer Socrates / PAA-style semantic expansion; current SERP themes","2026-07-20","semantic hypothesis"
"Q-045","Who should I contact first when the financing problem is urgent?","private","Private mortgages","L5","transaction-urgency-rescue","urgent question","private-service","/borrowers/private-mortgage-financing","triage checklist","FAQPage only when visibly answered and policy-compliant","Answer Socrates / PAA-style semantic expansion; current SERP themes","2026-07-20","semantic hypothesis"
"Q-046","What is a residential mortgage, and how does it work in Ontario?","residential","Residential mortgages","L1","awareness-education","educational question","residential-guide","/resources/ontario-residential-mortgage-guide","concise answer + evidence + next step","FAQPage only when visibly answered and policy-compliant","Answer Socrates / PAA-style semantic expansion; current SERP themes","2026-07-20","semantic hypothesis"
"Q-047","Who is a residential mortgage designed for?","residential","Residential mortgages","L1","awareness-education","educational question","residential-guide","/resources/ontario-residential-mortgage-guide","concise answer + evidence + next step","FAQPage only when visibly answered and policy-compliant","Answer Socrates / PAA-style semantic expansion; current SERP themes","2026-07-20","semantic hypothesis"
"Q-048","What are the main risks and benefits of a residential mortgage?","residential","Residential mortgages","L1","awareness-education","educational question","residential-guide","/resources/ontario-residential-mortgage-guide","concise answer + evidence + next step","FAQPage only when visibly answered and policy-compliant","Answer Socrates / PAA-style semantic expansion; current SERP themes","2026-07-20","semantic hypothesis"
"Q-049","Can I qualify for a residential mortgage with my income, credit, and equity?","residential","Residential mortgages","L2","problem-project-feasibility","educational question","residential-guide","/resources/ontario-residential-mortgage-guide","concise answer + evidence + next step","FAQPage only when visibly answered and policy-compliant","Answer Socrates / PAA-style semantic expansion; current SERP themes","2026-07-20","semantic hypothesis"
"Q-050","How much could I borrow through a residential mortgage?","residential","Residential mortgages","L2","problem-project-feasibility","educational question","residential-guide","/resources/ontario-residential-mortgage-guide","concise answer + evidence + next step","FAQPage only when visibly answered and policy-compliant","Answer Socrates / PAA-style semantic expansion; current SERP themes","2026-07-20","semantic hypothesis"
"Q-051","What property, appraisal, or project conditions affect a residential mortgage?","residential","Residential mortgages","L2","problem-project-feasibility","educational question","residential-guide","/resources/ontario-residential-mortgage-guide","concise answer + evidence + next step","FAQPage only when visibly answered and policy-compliant","Answer Socrates / PAA-style semantic expansion; current SERP themes","2026-07-20","semantic hypothesis"
"Q-052","How does a residential mortgage compare with the next-best financing option?","residential","Residential mortgages","L3","evaluation-planning-comparison","educational question","residential-guide","/resources/ontario-residential-mortgage-guide","comparison table","FAQPage only when visibly answered and policy-compliant","Answer Socrates / PAA-style semantic expansion; current SERP themes","2026-07-20","semantic hypothesis"
"Q-053","What is the total cost of a residential mortgage, including fees and penalties?","residential","Residential mortgages","L3","evaluation-planning-comparison","educational question","residential-guide","/resources/ontario-residential-mortgage-guide","comparison table","FAQPage only when visibly answered and policy-compliant","Answer Socrates / PAA-style semantic expansion; current SERP themes","2026-07-20","semantic hypothesis"
"Q-054","Which lender or structure is the better fit for my scenario?","residential","Residential mortgages","L3","evaluation-planning-comparison","educational question","residential-guide","/resources/ontario-residential-mortgage-guide","comparison table","FAQPage only when visibly answered and policy-compliant","Answer Socrates / PAA-style semantic expansion; current SERP themes","2026-07-20","semantic hypothesis"
"Q-055","What documents do I need to apply for a residential mortgage?","residential","Residential mortgages","L4","qualification-commercial-investigation","educational question","residential-service","/borrowers/residential-mortgage-financing","concise answer + evidence + next step","FAQPage only when visibly answered and policy-compliant","Answer Socrates / PAA-style semantic expansion; current SERP themes","2026-07-20","semantic hypothesis"
"Q-056","How long does approval and funding take for a residential mortgage?","residential","Residential mortgages","L4","qualification-commercial-investigation","educational question","residential-service","/borrowers/residential-mortgage-financing","concise answer + evidence + next step","FAQPage only when visibly answered and policy-compliant","Answer Socrates / PAA-style semantic expansion; current SERP themes","2026-07-20","semantic hypothesis"
"Q-057","What rates, fees, term, and exit plan should I expect?","residential","Residential mortgages","L4","qualification-commercial-investigation","educational question","residential-service","/borrowers/residential-mortgage-financing","concise answer + evidence + next step","FAQPage only when visibly answered and policy-compliant","Answer Socrates / PAA-style semantic expansion; current SERP themes","2026-07-20","semantic hypothesis"
"Q-058","What should I do if I need a residential mortgage before a closing or enforcement deadline?","residential","Residential mortgages","L5","transaction-urgency-rescue","urgent question","residential-service","/borrowers/residential-mortgage-financing","triage checklist","FAQPage only when visibly answered and policy-compliant","Answer Socrates / PAA-style semantic expansion; current SERP themes","2026-07-20","semantic hypothesis"
"Q-059","Can a residential mortgage work after a bank decline or arrears?","residential","Residential mortgages","L5","transaction-urgency-rescue","urgent question","residential-service","/borrowers/residential-mortgage-financing","triage checklist","FAQPage only when visibly answered and policy-compliant","Answer Socrates / PAA-style semantic expansion; current SERP themes","2026-07-20","semantic hypothesis"
"Q-060","Who should I contact first when the financing problem is urgent?","residential","Residential mortgages","L5","transaction-urgency-rescue","urgent question","residential-service","/borrowers/residential-mortgage-financing","triage checklist","FAQPage only when visibly answered and policy-compliant","Answer Socrates / PAA-style semantic expansion; current SERP themes","2026-07-20","semantic hypothesis"
"Q-061","What is renovation financing, and how does it work in Ontario?","renovation","Renovation financing","L1","awareness-education","educational question","renovation-guide","/resources/renovation-financing-ontario","concise answer + evidence + next step","FAQPage only when visibly answered and policy-compliant","Answer Socrates / PAA-style semantic expansion; current SERP themes","2026-07-20","semantic hypothesis"
"Q-062","Who is renovation financing designed for?","renovation","Renovation financing","L1","awareness-education","educational question","renovation-guide","/resources/renovation-financing-ontario","concise answer + evidence + next step","FAQPage only when visibly answered and policy-compliant","Answer Socrates / PAA-style semantic expansion; current SERP themes","2026-07-20","semantic hypothesis"
"Q-063","What are the main risks and benefits of renovation financing?","renovation","Renovation financing","L1","awareness-education","educational question","renovation-guide","/resources/renovation-financing-ontario","concise answer + evidence + next step","FAQPage only when visibly answered and policy-compliant","Answer Socrates / PAA-style semantic expansion; current SERP themes","2026-07-20","semantic hypothesis"
"Q-064","Can I qualify for renovation financing with my income, credit, and equity?","renovation","Renovation financing","L2","problem-project-feasibility","educational question","renovation-guide","/resources/renovation-financing-ontario","concise answer + evidence + next step","FAQPage only when visibly answered and policy-compliant","Answer Socrates / PAA-style semantic expansion; current SERP themes","2026-07-20","semantic hypothesis"
"Q-065","How much could I borrow through renovation financing?","renovation","Renovation financing","L2","problem-project-feasibility","educational question","renovation-guide","/resources/renovation-financing-ontario","concise answer + evidence + next step","FAQPage only when visibly answered and policy-compliant","Answer Socrates / PAA-style semantic expansion; current SERP themes","2026-07-20","semantic hypothesis"
"Q-066","What property, appraisal, or project conditions affect renovation financing?","renovation","Renovation financing","L2","problem-project-feasibility","educational question","renovation-guide","/resources/renovation-financing-ontario","concise answer + evidence + next step","FAQPage only when visibly answered and policy-compliant","Answer Socrates / PAA-style semantic expansion; current SERP themes","2026-07-20","semantic hypothesis"
"Q-067","How does renovation financing compare with the next-best financing option?","renovation","Renovation financing","L3","evaluation-planning-comparison","educational question","equity-comparison","/resources/heloc-vs-refinance-vs-renovation","comparison table","FAQPage only when visibly answered and policy-compliant","Answer Socrates / PAA-style semantic expansion; current SERP themes","2026-07-20","semantic hypothesis"
"Q-068","What is the total cost of renovation financing, including fees and penalties?","renovation","Renovation financing","L3","evaluation-planning-comparison","educational question","equity-comparison","/resources/heloc-vs-refinance-vs-renovation","comparison table","FAQPage only when visibly answered and policy-compliant","Answer Socrates / PAA-style semantic expansion; current SERP themes","2026-07-20","semantic hypothesis"
"Q-069","Which lender or structure is the better fit for my scenario?","renovation","Renovation financing","L3","evaluation-planning-comparison","educational question","equity-comparison","/resources/heloc-vs-refinance-vs-renovation","comparison table","FAQPage only when visibly answered and policy-compliant","Answer Socrates / PAA-style semantic expansion; current SERP themes","2026-07-20","semantic hypothesis"
"Q-070","What documents do I need to apply for renovation financing?","renovation","Renovation financing","L4","qualification-commercial-investigation","educational question","renovation-service","/borrowers/renovation-financing","concise answer + evidence + next step","FAQPage only when visibly answered and policy-compliant","Answer Socrates / PAA-style semantic expansion; current SERP themes","2026-07-20","semantic hypothesis"
"Q-071","How long does approval and funding take for renovation financing?","renovation","Renovation financing","L4","qualification-commercial-investigation","educational question","renovation-service","/borrowers/renovation-financing","concise answer + evidence + next step","FAQPage only when visibly answered and policy-compliant","Answer Socrates / PAA-style semantic expansion; current SERP themes","2026-07-20","semantic hypothesis"
"Q-072","What rates, fees, term, and exit plan should I expect?","renovation","Renovation financing","L4","qualification-commercial-investigation","educational question","renovation-service","/borrowers/renovation-financing","concise answer + evidence + next step","FAQPage only when visibly answered and policy-compliant","Answer Socrates / PAA-style semantic expansion; current SERP themes","2026-07-20","semantic hypothesis"
"Q-073","What should I do if I need renovation financing before a closing or enforcement deadline?","renovation","Renovation financing","L5","transaction-urgency-rescue","urgent question","renovation-service","/borrowers/renovation-financing","triage checklist","FAQPage only when visibly answered and policy-compliant","Answer Socrates / PAA-style semantic expansion; current SERP themes","2026-07-20","semantic hypothesis"
"Q-074","Can renovation financing work after a bank decline or arrears?","renovation","Renovation financing","L5","transaction-urgency-rescue","urgent question","renovation-service","/borrowers/renovation-financing","triage checklist","FAQPage only when visibly answered and policy-compliant","Answer Socrates / PAA-style semantic expansion; current SERP themes","2026-07-20","semantic hypothesis"
"Q-075","Who should I contact first when the financing problem is urgent?","renovation","Renovation financing","L5","transaction-urgency-rescue","urgent question","renovation-service","/borrowers/renovation-financing","triage checklist","FAQPage only when visibly answered and policy-compliant","Answer Socrates / PAA-style semantic expansion; current SERP themes","2026-07-20","semantic hypothesis"
"Q-076","What is bridge financing, and how does it work in Ontario?","bridge","Bridge financing","L1","awareness-education","educational question","bridge-guide","/resources/bridge-financing-ontario","concise answer + evidence + next step","FAQPage only when visibly answered and policy-compliant","Answer Socrates / PAA-style semantic expansion; current SERP themes","2026-07-20","semantic hypothesis"
"Q-077","Who is bridge financing designed for?","bridge","Bridge financing","L1","awareness-education","educational question","bridge-guide","/resources/bridge-financing-ontario","concise answer + evidence + next step","FAQPage only when visibly answered and policy-compliant","Answer Socrates / PAA-style semantic expansion; current SERP themes","2026-07-20","semantic hypothesis"
"Q-078","What are the main risks and benefits of bridge financing?","bridge","Bridge financing","L1","awareness-education","educational question","bridge-guide","/resources/bridge-financing-ontario","concise answer + evidence + next step","FAQPage only when visibly answered and policy-compliant","Answer Socrates / PAA-style semantic expansion; current SERP themes","2026-07-20","semantic hypothesis"
"Q-079","Can I qualify for bridge financing with my income, credit, and equity?","bridge","Bridge financing","L2","problem-project-feasibility","educational question","bridge-guide","/resources/bridge-financing-ontario","concise answer + evidence + next step","FAQPage only when visibly answered and policy-compliant","Answer Socrates / PAA-style semantic expansion; current SERP themes","2026-07-20","semantic hypothesis"
"Q-080","How much could I borrow through bridge financing?","bridge","Bridge financing","L2","problem-project-feasibility","educational question","bridge-guide","/resources/bridge-financing-ontario","concise answer + evidence + next step","FAQPage only when visibly answered and policy-compliant","Answer Socrates / PAA-style semantic expansion; current SERP themes","2026-07-20","semantic hypothesis"
"Q-081","What property, appraisal, or project conditions affect bridge financing?","bridge","Bridge financing","L2","problem-project-feasibility","educational question","bridge-guide","/resources/bridge-financing-ontario","concise answer + evidence + next step","FAQPage only when visibly answered and policy-compliant","Answer Socrates / PAA-style semantic expansion; current SERP themes","2026-07-20","semantic hypothesis"
"Q-082","How does bridge financing compare with the next-best financing option?","bridge","Bridge financing","L3","evaluation-planning-comparison","educational question","bridge-guide","/resources/bridge-financing-ontario","comparison table","FAQPage only when visibly answered and policy-compliant","Answer Socrates / PAA-style semantic expansion; current SERP themes","2026-07-20","semantic hypothesis"
"Q-083","What is the total cost of bridge financing, including fees and penalties?","bridge","Bridge financing","L3","evaluation-planning-comparison","educational question","bridge-guide","/resources/bridge-financing-ontario","comparison table","FAQPage only when visibly answered and policy-compliant","Answer Socrates / PAA-style semantic expansion; current SERP themes","2026-07-20","semantic hypothesis"
"Q-084","Which lender or structure is the better fit for my scenario?","bridge","Bridge financing","L3","evaluation-planning-comparison","educational question","bridge-guide","/resources/bridge-financing-ontario","comparison table","FAQPage only when visibly answered and policy-compliant","Answer Socrates / PAA-style semantic expansion; current SERP themes","2026-07-20","semantic hypothesis"
"Q-085","What documents do I need to apply for bridge financing?","bridge","Bridge financing","L4","qualification-commercial-investigation","educational question","bridge-service","/borrowers/bridge-financing","concise answer + evidence + next step","FAQPage only when visibly answered and policy-compliant","Answer Socrates / PAA-style semantic expansion; current SERP themes","2026-07-20","semantic hypothesis"
"Q-086","How long does approval and funding take for bridge financing?","bridge","Bridge financing","L4","qualification-commercial-investigation","educational question","bridge-service","/borrowers/bridge-financing","concise answer + evidence + next step","FAQPage only when visibly answered and policy-compliant","Answer Socrates / PAA-style semantic expansion; current SERP themes","2026-07-20","semantic hypothesis"
"Q-087","What rates, fees, term, and exit plan should I expect?","bridge","Bridge financing","L4","qualification-commercial-investigation","educational question","bridge-service","/borrowers/bridge-financing","concise answer + evidence + next step","FAQPage only when visibly answered and policy-compliant","Answer Socrates / PAA-style semantic expansion; current SERP themes","2026-07-20","semantic hypothesis"
"Q-088","What should I do if I need bridge financing before a closing or enforcement deadline?","bridge","Bridge financing","L5","transaction-urgency-rescue","urgent question","bridge-service","/borrowers/bridge-financing","triage checklist","FAQPage only when visibly answered and policy-compliant","Answer Socrates / PAA-style semantic expansion; current SERP themes","2026-07-20","semantic hypothesis"
"Q-089","Can bridge financing work after a bank decline or arrears?","bridge","Bridge financing","L5","transaction-urgency-rescue","urgent question","bridge-service","/borrowers/bridge-financing","triage checklist","FAQPage only when visibly answered and policy-compliant","Answer Socrates / PAA-style semantic expansion; current SERP themes","2026-07-20","semantic hypothesis"
"Q-090","Who should I contact first when the financing problem is urgent?","bridge","Bridge financing","L5","transaction-urgency-rescue","urgent question","bridge-service","/borrowers/bridge-financing","triage checklist","FAQPage only when visibly answered and policy-compliant","Answer Socrates / PAA-style semantic expansion; current SERP themes","2026-07-20","semantic hypothesis"
"Q-091","What is a HELOC or home-equity loan, and how does it work in Ontario?","heloc-equity","HELOC / home equity","L1","awareness-education","educational question","heloc-guide","/resources/heloc-ontario-guide","concise answer + evidence + next step","FAQPage only when visibly answered and policy-compliant","Answer Socrates / PAA-style semantic expansion; current SERP themes","2026-07-20","semantic hypothesis"
"Q-092","Who is a HELOC or home-equity loan designed for?","heloc-equity","HELOC / home equity","L1","awareness-education","educational question","heloc-guide","/resources/heloc-ontario-guide","concise answer + evidence + next step","FAQPage only when visibly answered and policy-compliant","Answer Socrates / PAA-style semantic expansion; current SERP themes","2026-07-20","semantic hypothesis"
"Q-093","What are the main risks and benefits of a HELOC or home-equity loan?","heloc-equity","HELOC / home equity","L1","awareness-education","educational question","heloc-guide","/resources/heloc-ontario-guide","concise answer + evidence + next step","FAQPage only when visibly answered and policy-compliant","Answer Socrates / PAA-style semantic expansion; current SERP themes","2026-07-20","semantic hypothesis"
"Q-094","Can I qualify for a HELOC or home-equity loan with my income, credit, and equity?","heloc-equity","HELOC / home equity","L2","problem-project-feasibility","educational question","heloc-guide","/resources/heloc-ontario-guide","concise answer + evidence + next step","FAQPage only when visibly answered and policy-compliant","Answer Socrates / PAA-style semantic expansion; current SERP themes","2026-07-20","semantic hypothesis"
"Q-095","How much could I borrow through a HELOC or home-equity loan?","heloc-equity","HELOC / home equity","L2","problem-project-feasibility","educational question","heloc-guide","/resources/heloc-ontario-guide","concise answer + evidence + next step","FAQPage only when visibly answered and policy-compliant","Answer Socrates / PAA-style semantic expansion; current SERP themes","2026-07-20","semantic hypothesis"
"Q-096","What property, appraisal, or project conditions affect a HELOC or home-equity loan?","heloc-equity","HELOC / home equity","L2","problem-project-feasibility","educational question","heloc-guide","/resources/heloc-ontario-guide","concise answer + evidence + next step","FAQPage only when visibly answered and policy-compliant","Answer Socrates / PAA-style semantic expansion; current SERP themes","2026-07-20","semantic hypothesis"
"Q-097","How does a HELOC or home-equity loan compare with the next-best financing option?","heloc-equity","HELOC / home equity","L3","evaluation-planning-comparison","educational question","equity-comparison","/resources/heloc-vs-refinance-vs-renovation","comparison table","FAQPage only when visibly answered and policy-compliant","Answer Socrates / PAA-style semantic expansion; current SERP themes","2026-07-20","semantic hypothesis"
"Q-098","What is the total cost of a HELOC or home-equity loan, including fees and penalties?","heloc-equity","HELOC / home equity","L3","evaluation-planning-comparison","educational question","equity-comparison","/resources/heloc-vs-refinance-vs-renovation","comparison table","FAQPage only when visibly answered and policy-compliant","Answer Socrates / PAA-style semantic expansion; current SERP themes","2026-07-20","semantic hypothesis"
"Q-099","Which lender or structure is the better fit for my scenario?","heloc-equity","HELOC / home equity","L3","evaluation-planning-comparison","educational question","equity-comparison","/resources/heloc-vs-refinance-vs-renovation","comparison table","FAQPage only when visibly answered and policy-compliant","Answer Socrates / PAA-style semantic expansion; current SERP themes","2026-07-20","semantic hypothesis"
"Q-100","What documents do I need to apply for a HELOC or home-equity loan?","heloc-equity","HELOC / home equity","L4","qualification-commercial-investigation","educational question","heloc-service","/borrowers/heloc","concise answer + evidence + next step","FAQPage only when visibly answered and policy-compliant","Answer Socrates / PAA-style semantic expansion; current SERP themes","2026-07-20","semantic hypothesis"
"Q-101","How long does approval and funding take for a HELOC or home-equity loan?","heloc-equity","HELOC / home equity","L4","qualification-commercial-investigation","educational question","heloc-service","/borrowers/heloc","concise answer + evidence + next step","FAQPage only when visibly answered and policy-compliant","Answer Socrates / PAA-style semantic expansion; current SERP themes","2026-07-20","semantic hypothesis"
"Q-102","What rates, fees, term, and exit plan should I expect?","heloc-equity","HELOC / home equity","L4","qualification-commercial-investigation","educational question","heloc-service","/borrowers/heloc","concise answer + evidence + next step","FAQPage only when visibly answered and policy-compliant","Answer Socrates / PAA-style semantic expansion; current SERP themes","2026-07-20","semantic hypothesis"
"Q-103","What should I do if I need a HELOC or home-equity loan before a closing or enforcement deadline?","heloc-equity","HELOC / home equity","L5","transaction-urgency-rescue","urgent question","heloc-service","/borrowers/heloc","triage checklist","FAQPage only when visibly answered and policy-compliant","Answer Socrates / PAA-style semantic expansion; current SERP themes","2026-07-20","semantic hypothesis"
"Q-104","Can a HELOC or home-equity loan work after a bank decline or arrears?","heloc-equity","HELOC / home equity","L5","transaction-urgency-rescue","urgent question","heloc-service","/borrowers/heloc","triage checklist","FAQPage only when visibly answered and policy-compliant","Answer Socrates / PAA-style semantic expansion; current SERP themes","2026-07-20","semantic hypothesis"
"Q-105","Who should I contact first when the financing problem is urgent?","heloc-equity","HELOC / home equity","L5","transaction-urgency-rescue","urgent question","heloc-service","/borrowers/heloc","triage checklist","FAQPage only when visibly answered and policy-compliant","Answer Socrates / PAA-style semantic expansion; current SERP themes","2026-07-20","semantic hypothesis"
"Q-106","What is mortgage-decline or rescue financing, and how does it work in Ontario?","rescue","Bank-declined / rescue borrowers","L1","awareness-education","educational question","rescue-guide","/resources/mortgage-declined-ontario","concise answer + evidence + next step","FAQPage only when visibly answered and policy-compliant","Answer Socrates / PAA-style semantic expansion; current SERP themes","2026-07-20","semantic hypothesis"
"Q-107","Who is mortgage-decline or rescue financing designed for?","rescue","Bank-declined / rescue borrowers","L1","awareness-education","educational question","rescue-guide","/resources/mortgage-declined-ontario","concise answer + evidence + next step","FAQPage only when visibly answered and policy-compliant","Answer Socrates / PAA-style semantic expansion; current SERP themes","2026-07-20","semantic hypothesis"
"Q-108","What are the main risks and benefits of mortgage-decline or rescue financing?","rescue","Bank-declined / rescue borrowers","L1","awareness-education","educational question","rescue-guide","/resources/mortgage-declined-ontario","concise answer + evidence + next step","FAQPage only when visibly answered and policy-compliant","Answer Socrates / PAA-style semantic expansion; current SERP themes","2026-07-20","semantic hypothesis"
"Q-109","Can I qualify for mortgage-decline or rescue financing with my income, credit, and equity?","rescue","Bank-declined / rescue borrowers","L2","problem-project-feasibility","educational question","rescue-guide","/resources/mortgage-declined-ontario","concise answer + evidence + next step","FAQPage only when visibly answered and policy-compliant","Answer Socrates / PAA-style semantic expansion; current SERP themes","2026-07-20","semantic hypothesis"
"Q-110","How much could I borrow through mortgage-decline or rescue financing?","rescue","Bank-declined / rescue borrowers","L2","problem-project-feasibility","educational question","rescue-guide","/resources/mortgage-declined-ontario","concise answer + evidence + next step","FAQPage only when visibly answered and policy-compliant","Answer Socrates / PAA-style semantic expansion; current SERP themes","2026-07-20","semantic hypothesis"
"Q-111","What property, appraisal, or project conditions affect mortgage-decline or rescue financing?","rescue","Bank-declined / rescue borrowers","L2","problem-project-feasibility","educational question","rescue-guide","/resources/mortgage-declined-ontario","concise answer + evidence + next step","FAQPage only when visibly answered and policy-compliant","Answer Socrates / PAA-style semantic expansion; current SERP themes","2026-07-20","semantic hypothesis"
"Q-112","How does mortgage-decline or rescue financing compare with the next-best financing option?","rescue","Bank-declined / rescue borrowers","L3","evaluation-planning-comparison","educational question","rescue-guide","/resources/mortgage-declined-ontario","comparison table","FAQPage only when visibly answered and policy-compliant","Answer Socrates / PAA-style semantic expansion; current SERP themes","2026-07-20","semantic hypothesis"
"Q-113","What is the total cost of mortgage-decline or rescue financing, including fees and penalties?","rescue","Bank-declined / rescue borrowers","L3","evaluation-planning-comparison","educational question","rescue-guide","/resources/mortgage-declined-ontario","comparison table","FAQPage only when visibly answered and policy-compliant","Answer Socrates / PAA-style semantic expansion; current SERP themes","2026-07-20","semantic hypothesis"
"Q-114","Which lender or structure is the better fit for my scenario?","rescue","Bank-declined / rescue borrowers","L3","evaluation-planning-comparison","educational question","rescue-guide","/resources/mortgage-declined-ontario","comparison table","FAQPage only when visibly answered and policy-compliant","Answer Socrates / PAA-style semantic expansion; current SERP themes","2026-07-20","semantic hypothesis"
"Q-115","What documents do I need to apply for mortgage-decline or rescue financing?","rescue","Bank-declined / rescue borrowers","L4","qualification-commercial-investigation","educational question","rescue-guide","/resources/mortgage-declined-ontario","concise answer + evidence + next step","FAQPage only when visibly answered and policy-compliant","Answer Socrates / PAA-style semantic expansion; current SERP themes","2026-07-20","semantic hypothesis"
"Q-116","How long does approval and funding take for mortgage-decline or rescue financing?","rescue","Bank-declined / rescue borrowers","L4","qualification-commercial-investigation","educational question","rescue-guide","/resources/mortgage-declined-ontario","concise answer + evidence + next step","FAQPage only when visibly answered and policy-compliant","Answer Socrates / PAA-style semantic expansion; current SERP themes","2026-07-20","semantic hypothesis"
"Q-117","What rates, fees, term, and exit plan should I expect?","rescue","Bank-declined / rescue borrowers","L4","qualification-commercial-investigation","educational question","rescue-guide","/resources/mortgage-declined-ontario","concise answer + evidence + next step","FAQPage only when visibly answered and policy-compliant","Answer Socrates / PAA-style semantic expansion; current SERP themes","2026-07-20","semantic hypothesis"
"Q-118","What should I do if I need mortgage-decline or rescue financing before a closing or enforcement deadline?","rescue","Bank-declined / rescue borrowers","L5","transaction-urgency-rescue","urgent question","private-service","/borrowers/private-mortgage-financing","triage checklist","FAQPage only when visibly answered and policy-compliant","Answer Socrates / PAA-style semantic expansion; current SERP themes","2026-07-20","semantic hypothesis"
"Q-119","Can mortgage-decline or rescue financing work after a bank decline or arrears?","rescue","Bank-declined / rescue borrowers","L5","transaction-urgency-rescue","urgent question","private-service","/borrowers/private-mortgage-financing","triage checklist","FAQPage only when visibly answered and policy-compliant","Answer Socrates / PAA-style semantic expansion; current SERP themes","2026-07-20","semantic hypothesis"
"Q-120","Who should I contact first when the financing problem is urgent?","rescue","Bank-declined / rescue borrowers","L5","transaction-urgency-rescue","urgent question","private-service","/borrowers/private-mortgage-financing","triage checklist","FAQPage only when visibly answered and policy-compliant","Answer Socrates / PAA-style semantic expansion; current SERP themes","2026-07-20","semantic hypothesis"
