id,keyword,normalizedKeyword,funnelLayer,funnelStage,topicCluster,searchIntent,monthlySearches,keywordDifficulty,metricStatus,trafficQualification,priority,targetPath,pageRole,disposition,sourceDate,sourceFile,notes
KWF-001,garden suite,garden suite,L1,awareness-education,garden-laneway-feasibility,informational,1900,0,live,ambiguous-secondary,P0,/garden-suite,feasibility-hub,retain-secondary,2026-07-16,research/openseo/trial-2026-07-16/deliverables/keyword-universe.csv,Singular head term is contaminated by hotel and non-ADU intent; use as a body synonym rather than the title target.
KWF-002,toronto zoning,toronto zoning,L1,awareness-education,municipal-permits-zoning,informational,1600,0,numeric-discovery-metric,authority-support,P1,/resources/toronto-permit-zoning-navigator,source-navigator,retain-secondary,2026-07-17,research/openseo/expansion-2026-07-17/deliverables/keyword-universe.csv,Official municipal pages own the head query; target project-specific interpretation and link to primary sources.
KWF-003,toronto zoning bylaw,toronto zoning bylaw,L1,awareness-education,municipal-permits-zoning,informational,1600,0,numeric-discovery-metric,authority-support,P1,/resources/toronto-permit-zoning-navigator,source-navigator,retain-secondary,2026-07-17,research/openseo/expansion-2026-07-17/deliverables/keyword-universe.csv,Do not present FairLend as the legal authority; translate rules into financing-readiness implications.
KWF-004,how does construction financing work in Ontario,how does construction financing work in ontario,L1,awareness-education,construction-financing,informational,,,unavailable-not-zero,qualified,P0,/construction-financing-ontario,money-page-explainer,retain-primary,2026-07-19,research/keyword-and-funnel/landing-services-funnel-2026-07-19/keyword-universe.csv,Answer the process before presenting the lender-matching CTA.
KWF-005,what is a construction mortgage,what is a construction mortgage,L1,awareness-education,construction-financing,informational,,,unavailable-not-zero,qualified,P0,/construction-financing-ontario,money-page-explainer,retain-secondary,2026-07-19,research/keyword-and-funnel/landing-services-funnel-2026-07-19/keyword-universe.csv,Definition belongs in the broad construction page and should not create a separate thin article.
KWF-006,can I build a garden suite Toronto,can i build a garden suite toronto,L1,awareness-education,garden-laneway-feasibility,informational,,,unavailable-not-zero,qualified,P0,/garden-suite,feasibility-hub,retain-primary,2026-07-19,research/keyword-and-funnel/landing-services-funnel-2026-07-19/keyword-universe.csv,Lead with zoning eligibility and property constraints.
KWF-007,garden suite permit requirements Toronto,garden suite permit requirements toronto,L1,awareness-education,municipal-permits-zoning,informational,,,exact-request-returned-no-row,authority-support,P1,/resources/toronto-permit-zoning-navigator,source-navigator,retain-primary,2026-07-17,research/openseo/expansion-2026-07-17/deliverables/keyword-universe.csv,Use current City of Toronto sources and a date-stamped checklist.
KWF-008,what is a laneway suite Toronto,what is a laneway suite toronto,L1,awareness-education,garden-laneway-feasibility,informational,,,unavailable-not-zero,qualified,P1,/garden-suite,feasibility-hub,retain-secondary,2026-07-19,research/keyword-and-funnel/landing-services-funnel-2026-07-19/keyword-universe.csv,Explain the garden-suite versus laneway-suite distinction on the shared feasibility hub.
KWF-009,can I build a multiplex in Toronto,can i build a multiplex in toronto,L1,awareness-education,multiplex-feasibility,informational,,,exact-request-returned-no-row,qualified,P1,/resources/toronto-multiplex-financing-guide,research-guide,retain-primary,2026-07-17,research/openseo/expansion-2026-07-17/deliverables/keyword-universe.csv,Combine planning constraints with the one-to-four versus five-plus financing split.
KWF-010,single family to multiplex Toronto,single family to multiplex toronto,L1,awareness-education,multiplex-feasibility,informational,,,exact-request-returned-no-row,qualified,P1,/resources/toronto-multiplex-financing-guide,research-guide,retain-primary,2026-07-17,research/openseo/expansion-2026-07-17/deliverables/keyword-universe.csv,Cover conversion sequencing and lender document dependencies.
KWF-011,MLI Select accessibility requirements,mli select accessibility requirements,L1,awareness-education,mli-select,informational,,,exact-request-returned-no-row,qualified,P0,/resources/mli-select-requirements-points,research-guide,retain-secondary,2026-07-17,research/openseo/expansion-2026-07-17/deliverables/keyword-universe.csv,Use official CMHC criteria and avoid unsupported point claims.
KWF-012,how does multiplex financing work Ontario,how does multiplex financing work ontario,L1,awareness-education,multiplex-feasibility,informational,,,unavailable-not-zero,qualified,P1,/resources/toronto-multiplex-financing-guide,research-guide,retain-secondary,2026-07-19,research/keyword-and-funnel/landing-services-funnel-2026-07-19/keyword-universe.csv,Introduce residential versus commercial underwriting thresholds.
KWF-013,mortgage calculator,mortgage calculator,L2,project-feasibility,sitewide-calculators,informational,368000,73,live,qualified-high-difficulty,P1,/calculators,interactive-tool,retain-primary,2026-07-16,research/openseo/trial-2026-07-16/deliverables/keyword-universe.csv,The volume belongs to a calculator product experience; do not target it with a generic blog post.
KWF-014,toronto building permit,toronto building permit,L2,project-feasibility,municipal-permits-zoning,informational,2400,2,numeric-discovery-metric,authority-support,P1,/resources/toronto-permit-zoning-navigator,source-navigator,retain-secondary,2026-07-17,research/openseo/expansion-2026-07-17/deliverables/keyword-universe.csv,Official municipal intent dominates; capture qualified project-modified queries.
KWF-015,development applications Toronto,development applications toronto,L2,project-feasibility,municipal-permits-zoning,informational,1900,0,numeric-discovery-metric,authority-support,P2,/resources/toronto-permit-zoning-navigator,source-navigator,retain-secondary,2026-07-17,research/openseo/expansion-2026-07-17/deliverables/keyword-universe.csv,Broad head term is upstream of lending and should support rather than lead the page.
KWF-016,MLI Select,mli select,L2,project-feasibility,mli-select,informational,1600,0,live,qualified-authority-led,P0,/mli-select,service-hub,retain-primary,2026-07-16,research/openseo/trial-2026-07-16/deliverables/keyword-universe.csv,CMHC owns the definition; FairLend should win with eligibility modelling and execution guidance.
KWF-017,garden suites Toronto,garden suites toronto,L2,project-feasibility,garden-laneway-feasibility,commercial-investigation,590,5,live,qualified-primary,P0,/garden-suite,feasibility-hub,retain-primary,2026-07-16,research/openseo/trial-2026-07-16/deliverables/keyword-universe.csv,Best validated garden-suite head term because geography disambiguates intent.
KWF-018,Toronto garden suites,toronto garden suites,L2,project-feasibility,garden-laneway-feasibility,commercial-investigation,210,5,live,qualified-secondary,P0,/garden-suite,feasibility-hub,retain-secondary,2026-07-16,research/openseo/trial-2026-07-16/deliverables/keyword-universe.csv,Variant belongs on the same canonical page as garden suites Toronto.
KWF-019,garden suite cost Toronto,garden suite cost toronto,L2,project-feasibility,garden-laneway-feasibility,informational,20,,numeric-discovery-metric,qualified,P0,/garden-suite,feasibility-hub,retain-primary,2026-07-17,research/openseo/expansion-2026-07-17/deliverables/keyword-universe.csv,Build a transparent cost range with line items and an updated-as-of date.
KWF-020,Toronto garden suite bylaw,toronto garden suite bylaw,L2,project-feasibility,municipal-permits-zoning,informational,20,,numeric-discovery-metric,authority-support,P1,/resources/toronto-permit-zoning-navigator,source-navigator,retain-primary,2026-07-17,research/openseo/expansion-2026-07-17/deliverables/keyword-universe.csv,Explain financing consequences of the bylaw and link to the official current text.
KWF-021,cost of garden suite Toronto,cost of garden suite toronto,L2,project-feasibility,garden-laneway-feasibility,informational,10,,numeric-discovery-metric,qualified,P0,/garden-suite,feasibility-hub,retain-secondary,2026-07-17,research/openseo/expansion-2026-07-17/deliverables/keyword-universe.csv,Consolidate with garden suite cost Toronto.
KWF-022,construction loan draw schedule,construction loan draw schedule,L2,project-feasibility,construction-draws,informational,10,40,numeric-discovery-metric,qualified-tool-intent,P0,/construction-draw-financing,interactive-guide,retain-primary,2026-07-17,research/openseo/expansion-2026-07-17/deliverables/keyword-universe.csv,Existing DrawFlow page should own the schedule and calculator intent.
KWF-023,commercial construction loan draw schedule,commercial construction loan draw schedule,L2,project-feasibility,construction-draws,informational,10,,numeric-discovery-metric,qualified-tool-intent,P0,/construction-draw-financing,interactive-guide,retain-secondary,2026-07-17,research/openseo/expansion-2026-07-17/deliverables/keyword-universe.csv,Cover commercial draw mechanics on the same canonical draw page.
KWF-024,garden suite return on investment Toronto,garden suite return on investment toronto,L2,project-feasibility,garden-laneway-feasibility,informational,,,exact-request-returned-no-row,qualified,P0,/garden-suite,feasibility-hub,retain-primary,2026-07-17,research/openseo/expansion-2026-07-17/deliverables/keyword-universe.csv,Add a scenario model with rent operating cost financing cost and sensitivity ranges.
KWF-025,garden suite rental income Toronto,garden suite rental income toronto,L2,project-feasibility,garden-laneway-feasibility,informational,,,exact-request-returned-no-row,qualified,P0,/garden-suite,feasibility-hub,retain-secondary,2026-07-17,research/openseo/expansion-2026-07-17/deliverables/keyword-universe.csv,Support the ROI module without promising rent.
KWF-026,Toronto multiplex financing feasibility,toronto multiplex financing feasibility,L2,project-feasibility,multiplex-feasibility,informational,,,unavailable-not-zero,qualified,P1,/resources/toronto-multiplex-financing-guide,research-guide,retain-primary,2026-07-19,research/keyword-and-funnel/landing-services-funnel-2026-07-19/keyword-universe.csv,Provide a go or no-go checklist based on units equity budget and exit.
KWF-027,CMHC MLI Select calculator,cmhc mli select calculator,L2,project-feasibility,mli-select,informational,,,exact-request-returned-no-row,qualified-tool-intent,P0,/resources/mli-select-requirements-points,interactive-guide,retain-primary,2026-07-17,research/openseo/expansion-2026-07-17/deliverables/keyword-universe.csv,Interactive points estimator must disclose assumptions and link to current CMHC criteria.
KWF-028,CMHC MLI Select fees,cmhc mli select fees,L2,project-feasibility,mli-select,informational,,,exact-row-returned-volume-unavailable,qualified,P0,/resources/mli-select-requirements-points,research-guide,retain-primary,2026-07-17,research/openseo/expansion-2026-07-17/deliverables/keyword-universe.csv,Use a dated fee table sourced to CMHC.
KWF-029,construction to permanent financing,construction to permanent financing,L3,planning-comparison,construction-financing,commercial-investigation,110,20,live,qualified,P0,/construction-financing-ontario,money-page-comparison,retain-primary,2026-07-16,research/openseo/trial-2026-07-16/deliverables/keyword-universe.csv,Explain construction-to-term conversion conditions and take-out risk.
KWF-030,CMHC MLI Standard,cmhc mli standard,L3,planning-comparison,mli-select,informational,30,,numeric-discovery-metric,qualified-comparison,P0,/resources/mli-select-requirements-points,research-guide,retain-primary,2026-07-17,research/openseo/expansion-2026-07-17/deliverables/keyword-universe.csv,Compare only using current official program documentation.
KWF-031,new construction financing options,new construction financing options,L3,planning-comparison,construction-financing,commercial-investigation,10,,numeric-discovery-metric,qualified,P0,/construction-financing-ontario,money-page-comparison,retain-secondary,2026-07-17,research/openseo/expansion-2026-07-17/deliverables/keyword-universe.csv,Compare institutional private bridge and take-out structures.
KWF-032,commercial construction financing options,commercial construction financing options,L3,planning-comparison,construction-financing,commercial-investigation,10,,numeric-discovery-metric,qualified,P0,/construction-financing-ontario,money-page-comparison,retain-primary,2026-07-17,research/openseo/expansion-2026-07-17/deliverables/keyword-universe.csv,Use project type loan size equity and recourse as comparison dimensions.
KWF-033,construction financing process,construction financing process,L3,planning-comparison,construction-financing,informational,10,,numeric-discovery-metric,qualified,P0,/construction-financing-ontario,money-page-comparison,retain-secondary,2026-07-17,research/openseo/expansion-2026-07-17/deliverables/keyword-universe.csv,Show underwriting commitment conditions draws and take-out as one sequence.
KWF-034,construction loan draw schedule template,construction loan draw schedule template,L3,planning-comparison,construction-draws,informational,10,,numeric-discovery-metric,qualified-tool-intent,P0,/construction-draw-financing,interactive-guide,retain-primary,2026-07-17,research/openseo/expansion-2026-07-17/deliverables/keyword-universe.csv,Offer a downloadable template only after explaining inputs and lender variance.
KWF-035,garden suite vs Airbnb Toronto,garden suite vs airbnb toronto,L3,planning-comparison,garden-laneway-feasibility,informational,,,unavailable,qualified,P1,/garden-suite,feasibility-hub,retain-secondary,2026-07-16,research/openseo/trial-2026-07-16/deliverables/keyword-universe.csv,Compare long-term rental economics and Toronto short-term rental constraints.
KWF-036,garden suite financing options Ontario,garden suite financing options ontario,L3,planning-comparison,garden-laneway-financing,commercial-investigation,,,unavailable-not-zero,qualified,P0,/garden-suite-financing-gta,money-page-comparison,retain-primary,2026-07-19,research/keyword-and-funnel/landing-services-funnel-2026-07-19/keyword-universe.csv,Compare HELOC refinance construction mortgage and private capital.
KWF-037,HELOC vs refinance for garden suite,heloc vs refinance for garden suite,L3,planning-comparison,garden-laneway-financing,commercial-investigation,,,unavailable-not-zero,qualified,P0,/garden-suite-financing-gta,money-page-comparison,retain-primary,2026-07-19,research/keyword-and-funnel/landing-services-funnel-2026-07-19/keyword-universe.csv,Use available equity draw timing and carrying cost in the decision framework.
KWF-038,renovation loan vs construction mortgage,renovation loan vs construction mortgage,L3,planning-comparison,construction-financing,commercial-investigation,,,unavailable-not-zero,qualified,P0,/construction-financing-ontario,money-page-comparison,retain-secondary,2026-07-19,research/keyword-and-funnel/landing-services-funnel-2026-07-19/keyword-universe.csv,Keep on the broad construction page to avoid a thin comparison URL.
KWF-039,fourplex vs fiveplex financing Ontario,fourplex vs fiveplex financing ontario,L3,planning-comparison,multiplex-feasibility,commercial-investigation,,,unavailable-not-zero,qualified,P1,/resources/toronto-multiplex-financing-guide,research-guide,retain-primary,2026-07-19,research/keyword-and-funnel/landing-services-funnel-2026-07-19/keyword-universe.csv,Make the residential-to-commercial underwriting boundary explicit.
KWF-040,MLI Select vs conventional financing,mli select vs conventional financing,L3,planning-comparison,mli-select,commercial-investigation,,,unavailable-not-zero,qualified,P0,/resources/mli-select-requirements-points,research-guide,retain-primary,2026-07-19,research/keyword-and-funnel/landing-services-funnel-2026-07-19/keyword-universe.csv,Compare cost leverage amortization timeline and compliance obligations.
KWF-041,MLI Select vs standard rental housing insurance,mli select vs standard rental housing insurance,L3,planning-comparison,mli-select,commercial-investigation,,,unavailable-not-zero,qualified,P0,/resources/mli-select-requirements-points,research-guide,retain-secondary,2026-07-19,research/keyword-and-funnel/landing-services-funnel-2026-07-19/keyword-universe.csv,Consolidate with the MLI Select comparison guide.
KWF-042,construction loan vs HELOC Ontario,construction loan vs heloc ontario,L3,planning-comparison,construction-financing,commercial-investigation,,,unavailable-not-zero,qualified,P0,/construction-financing-ontario,money-page-comparison,retain-primary,2026-07-19,research/keyword-and-funnel/landing-services-funnel-2026-07-19/keyword-universe.csv,Compare usable equity draw controls cost and project scale.
KWF-043,private vs bank construction financing Ontario,private vs bank construction financing ontario,L3,planning-comparison,construction-financing,commercial-investigation,,,unavailable-not-zero,qualified,P0,/construction-financing-ontario,money-page-comparison,retain-primary,2026-07-19,research/keyword-and-funnel/landing-services-funnel-2026-07-19/keyword-universe.csv,Use a neutral fit matrix rather than generic lender claims.
KWF-044,mortgage broker Toronto,mortgage broker toronto,L4,financing-qualification,sitewide-broker,commercial-investigation,1300,27,live,qualified-broad,P2,/borrowers,commercial-hub,retain-secondary,2026-07-16,research/openseo/trial-2026-07-16/deliverables/keyword-universe.csv,Broad local term is valuable but should not dilute the project-financing pages.
KWF-045,construction financing,construction financing,L4,financing-qualification,construction-financing,commercial-investigation,880,10,live,qualified-primary,P0,/construction-financing-ontario,money-page,retain-primary,2026-07-16,research/openseo/trial-2026-07-16/deliverables/keyword-universe.csv,Highest qualified construction-lending head term.
KWF-046,construction mortgage,construction mortgage,L4,financing-qualification,construction-financing,commercial-investigation,590,0,live,qualified-primary,P0,/construction-financing-ontario,money-page,retain-primary,2026-07-16,research/openseo/trial-2026-07-16/deliverables/keyword-universe.csv,Use as a co-primary synonym on the same page.
KWF-047,construction mortgage Ontario,construction mortgage ontario,L4,financing-qualification,construction-financing,commercial-investigation,170,0,live,qualified-primary,P0,/construction-financing-ontario,money-page,retain-primary,2026-07-16,research/openseo/trial-2026-07-16/deliverables/keyword-universe.csv,Strong local commercial modifier for title and H1 testing.
KWF-048,Canadian construction loans,canadian construction loans,L4,financing-qualification,construction-financing,commercial-investigation,140,2,live,qualified-secondary,P1,/construction-financing-ontario,money-page,retain-secondary,2026-07-16,research/openseo/trial-2026-07-16/deliverables/keyword-universe.csv,National phrasing is secondary because FairLend is Ontario-focused.
KWF-049,construction financing Canada,construction financing canada,L4,financing-qualification,construction-financing,commercial-investigation,140,17,live,qualified-secondary,P1,/construction-financing-ontario,money-page,retain-secondary,2026-07-16,research/openseo/trial-2026-07-16/deliverables/keyword-universe.csv,Use Canadian terminology while maintaining Ontario service boundaries.
KWF-050,construction loans Canada,construction loans canada,L4,financing-qualification,construction-financing,commercial-investigation,140,0,live,qualified-secondary,P1,/construction-financing-ontario,money-page,retain-secondary,2026-07-16,research/openseo/trial-2026-07-16/deliverables/keyword-universe.csv,Do not create a separate Canada page without geographic service evidence.
KWF-051,construction loans in Canada,construction loans in canada,L4,financing-qualification,construction-financing,commercial-investigation,140,0,live,qualified-secondary,P1,/construction-financing-ontario,money-page,retain-secondary,2026-07-16,research/openseo/trial-2026-07-16/deliverables/keyword-universe.csv,Variant belongs to the Ontario construction hub.
KWF-052,commercial construction loan,commercial construction loan,L4,financing-qualification,construction-financing,commercial-investigation,110,0,live,qualified-primary,P0,/construction-financing-ontario,money-page,retain-primary,2026-07-16,research/openseo/trial-2026-07-16/deliverables/keyword-universe.csv,Include residential commercial and mixed-use qualification paths.
KWF-053,construction financing Toronto,construction financing toronto,L4,financing-qualification,construction-financing,commercial-investigation,90,0,live,qualified-primary,P0,/construction-financing-ontario,money-page,retain-primary,2026-07-16,research/openseo/trial-2026-07-16/deliverables/keyword-universe.csv,Use GTA proof and Toronto-specific project examples.
KWF-054,construction loan Toronto,construction loan toronto,L4,financing-qualification,construction-financing,commercial-investigation,90,0,live,qualified-primary,P0,/construction-financing-ontario,money-page,retain-secondary,2026-07-16,research/openseo/trial-2026-07-16/deliverables/keyword-universe.csv,Singular variant shares the canonical construction page.
KWF-055,construction loans Toronto,construction loans toronto,L4,financing-qualification,construction-financing,commercial-investigation,90,0,numeric-discovery-metric,qualified-primary,P0,/construction-financing-ontario,money-page,retain-secondary,2026-07-17,research/openseo/expansion-2026-07-17/deliverables/keyword-universe.csv,Plural variant shares the canonical construction page.
KWF-056,construction loan lender,construction loan lender,L4,financing-qualification,construction-financing,commercial-investigation,50,,live,qualified-primary,P0,/construction-financing-ontario,money-page,retain-primary,2026-07-16,research/openseo/trial-2026-07-16/deliverables/keyword-universe.csv,Answer lender selection with an explicit project-fit matrix.
KWF-057,new construction financing,new construction financing,L4,financing-qualification,construction-financing,commercial-investigation,50,8,numeric-discovery-metric,qualified-primary,P0,/construction-financing-ontario,money-page,retain-secondary,2026-07-17,research/openseo/expansion-2026-07-17/deliverables/keyword-universe.csv,Keep within broad construction financing cluster.
KWF-058,construction mortgage lender,construction mortgage lender,L4,financing-qualification,construction-financing,commercial-investigation,30,0,live,qualified-primary,P0,/construction-financing-ontario,money-page,retain-primary,2026-07-16,research/openseo/trial-2026-07-16/deliverables/keyword-universe.csv,Create a lender requirements section rather than a duplicate lender page.
KWF-059,land and construction financing,land and construction financing,L4,financing-qualification,construction-financing,commercial-investigation,20,,live,qualified,P0,/construction-financing-ontario,money-page,retain-primary,2026-07-16,research/openseo/trial-2026-07-16/deliverables/keyword-universe.csv,Address land equity servicing approvals budget and take-out.
KWF-060,MLI Select financing,mli select financing,L4,financing-qualification,mli-select,commercial-investigation,20,,live,qualified-primary,P0,/mli-select,service-hub,retain-primary,2026-07-16,research/openseo/trial-2026-07-16/deliverables/keyword-universe.csv,Transactional MLI term belongs on the service hub.
KWF-061,CMHC MLI Select financing,cmhc mli select financing,L4,financing-qualification,mli-select,commercial-investigation,20,,live,qualified-primary,P0,/mli-select,service-hub,retain-secondary,2026-07-16,research/openseo/trial-2026-07-16/deliverables/keyword-universe.csv,CMHC-modified variant shares the service hub.
KWF-062,MLI Select construction financing,mli select construction financing,L4,financing-qualification,mli-select,commercial-investigation,10,,live,qualified-primary,P0,/mli-select,service-hub,retain-primary,2026-07-16,research/openseo/trial-2026-07-16/deliverables/keyword-universe.csv,Explain construction-to-insured-take-out sequencing.
KWF-063,apartment construction financing,apartment construction financing,L4,financing-qualification,construction-financing,commercial-investigation,10,,live,qualified,P0,/construction-financing-ontario,money-page,retain-secondary,2026-07-16,research/openseo/trial-2026-07-16/deliverables/keyword-universe.csv,Cross-link to MLI Select when the exit strategy is insured rental take-out.
KWF-064,builder financing construction,builder financing construction,L4,financing-qualification,construction-financing,commercial-investigation,10,,live,qualified,P0,/construction-financing-ontario,money-page,retain-secondary,2026-07-16,research/openseo/trial-2026-07-16/deliverables/keyword-universe.csv,Add builder experience presales equity and cost-to-complete requirements.
KWF-065,multi family construction financing,multi family construction financing,L4,financing-qualification,construction-financing,commercial-investigation,10,,live,qualified,P0,/construction-financing-ontario,money-page,retain-primary,2026-07-16,research/openseo/trial-2026-07-16/deliverables/keyword-universe.csv,Bridge construction and MLI take-out clusters with contextual links.
KWF-066,mortgage broker for construction loans,mortgage broker for construction loans,L4,financing-qualification,construction-financing,commercial-investigation,10,39,live,qualified,P0,/construction-financing-ontario,money-page,retain-primary,2026-07-16,research/openseo/trial-2026-07-16/deliverables/keyword-universe.csv,Prove lender access and execution experience rather than using generic broker copy.
KWF-067,construction financing companies,construction financing companies,L4,financing-qualification,construction-financing,commercial-investigation,10,22,numeric-discovery-metric,qualified,P0,/construction-financing-ontario,money-page,retain-secondary,2026-07-17,research/openseo/expansion-2026-07-17/deliverables/keyword-universe.csv,Use a selection framework and disclose FairLend's brokerage role.
KWF-068,garden suite financing Toronto,garden suite financing toronto,L4,financing-qualification,garden-laneway-financing,transactional,,,unavailable,qualified-primary,P0,/garden-suite-financing-gta,money-page,retain-primary,2026-07-16,research/openseo/trial-2026-07-16/deliverables/keyword-universe.csv,Primary transactional garden-suite query despite unavailable volume.
KWF-069,laneway suite financing Toronto,laneway suite financing toronto,L4,financing-qualification,garden-laneway-financing,transactional,,,unavailable,qualified-primary,P0,/garden-suite-financing-gta,money-page,retain-primary,2026-07-16,research/openseo/trial-2026-07-16/deliverables/keyword-universe.csv,Share the financing page while preserving a distinct eligibility section.
KWF-070,multiplex financing Toronto,multiplex financing toronto,L4,financing-qualification,multiplex-financing,transactional,,,unavailable,qualified-primary,P0,/multiplex-financing-gta,money-page,retain-primary,2026-07-16,research/openseo/trial-2026-07-16/deliverables/keyword-universe.csv,Primary money-page query with one-to-four and five-plus branches.
KWF-071,CMHC MLI Select lender Ontario,cmhc mli select lender ontario,L4,financing-qualification,mli-select,transactional,,,unavailable-not-zero,qualified-primary,P0,/mli-select,service-hub,retain-primary,2026-07-19,research/keyword-and-funnel/landing-services-funnel-2026-07-19/keyword-universe.csv,Use an advisory and qualification CTA without implying FairLend is CMHC.
KWF-072,laneway suite construction loan Toronto,laneway suite construction loan toronto,L4,financing-qualification,garden-laneway-financing,transactional,,,unavailable-not-zero,qualified-primary,P0,/garden-suite-financing-gta,money-page,retain-secondary,2026-07-19,research/keyword-and-funnel/landing-services-funnel-2026-07-19/keyword-universe.csv,Consolidate with garden and laneway financing page.
KWF-073,construction lien,construction lien,L5,immediate-transaction-problem,construction-rescue,informational,390,0,live,urgent-adjacent,P1,/resources/construction-financing-rescue,problem-solver,retain-secondary,2026-07-16,research/openseo/trial-2026-07-16/deliverables/keyword-universe.csv,Legal intent is adjacent; explain financing implications and direct users to legal counsel.
KWF-074,construction financing near me,construction financing near me,L5,immediate-transaction-problem,construction-rescue,transactional,10,,numeric-discovery-metric,qualified-local,P0,/construction-financing-ontario,money-page,retain-secondary,2026-07-17,research/openseo/expansion-2026-07-17/deliverables/keyword-universe.csv,Support with Ontario service-area and response-time evidence.
KWF-075,bank declined construction loan,bank declined construction loan,L5,immediate-transaction-problem,construction-rescue,urgent-transactional,,,exact-request-returned-no-row,qualified,P0,/resources/construction-financing-rescue,problem-solver,retain-primary,2026-07-17,research/openseo/expansion-2026-07-17/deliverables/keyword-universe.csv,Build an intake path around decline reason remaining equity budget and timeline.
KWF-076,stopped construction draw financing Ontario,stopped construction draw financing ontario,L5,immediate-transaction-problem,construction-rescue,urgent-transactional,,,unavailable-not-zero,qualified,P0,/resources/construction-financing-rescue,problem-solver,retain-primary,2026-07-19,research/keyword-and-funnel/landing-services-funnel-2026-07-19/keyword-universe.csv,High-value rescue intent needs a document checklist and immediate next-step CTA.
KWF-077,lender stopped construction draws,lender stopped construction draws,L5,immediate-transaction-problem,construction-rescue,urgent-transactional,,,unavailable,qualified,P0,/resources/construction-financing-rescue,problem-solver,retain-primary,2026-07-16,research/openseo/trial-2026-07-16/deliverables/keyword-universe.csv,Explain common causes without diagnosing legal rights.
KWF-078,stalled construction project financing,stalled construction project financing,L5,immediate-transaction-problem,construction-rescue,urgent-transactional,,,unavailable,qualified,P0,/resources/construction-financing-rescue,problem-solver,retain-primary,2026-07-16,research/openseo/trial-2026-07-16/deliverables/keyword-universe.csv,Target cost-to-complete and lender-replacement workflows.
KWF-079,construction financing shortfall Ontario,construction financing shortfall ontario,L5,immediate-transaction-problem,construction-rescue,urgent-transactional,,,unavailable-not-zero,qualified,P0,/resources/construction-financing-rescue,problem-solver,retain-primary,2026-07-19,research/keyword-and-funnel/landing-services-funnel-2026-07-19/keyword-universe.csv,Model the shortfall before presenting gap or bridge structures.
KWF-080,garden suite financing shortfall Toronto,garden suite financing shortfall toronto,L5,immediate-transaction-problem,garden-laneway-financing,urgent-transactional,,,unavailable-not-zero,qualified,P0,/garden-suite-financing-gta,money-page-rescue-section,retain-primary,2026-07-19,research/keyword-and-funnel/landing-services-funnel-2026-07-19/keyword-universe.csv,Keep as a rescue section on the money page unless SERPs diverge materially.
KWF-081,multiplex construction financing gap Ontario,multiplex construction financing gap ontario,L5,immediate-transaction-problem,multiplex-financing,urgent-transactional,,,unavailable-not-zero,qualified,P0,/multiplex-financing-gta,money-page-rescue-section,retain-primary,2026-07-19,research/keyword-and-funnel/landing-services-funnel-2026-07-19/keyword-universe.csv,Address cost overruns valuation gaps and take-out mismatch.
KWF-082,MLI Select takeout financing deadline,mli select takeout financing deadline,L5,immediate-transaction-problem,mli-select,urgent-transactional,,,unavailable-not-zero,qualified,P0,/mli-select,service-hub-rescue-section,retain-primary,2026-07-19,research/keyword-and-funnel/landing-services-funnel-2026-07-19/keyword-universe.csv,Cover interim extension and take-out readiness without guaranteeing approval.
KWF-083,private bridge for unfinished construction Ontario,private bridge for unfinished construction ontario,L5,immediate-transaction-problem,construction-rescue,urgent-transactional,,,unavailable-not-zero,qualified,P0,/resources/construction-financing-rescue,problem-solver,retain-primary,2026-07-19,research/keyword-and-funnel/landing-services-funnel-2026-07-19/keyword-universe.csv,Show minimum evidence required for a credible rescue review.
KWF-084,construction takeout failed Ontario,construction takeout failed ontario,L5,immediate-transaction-problem,construction-rescue,urgent-transactional,,,unavailable-not-zero,qualified,P0,/resources/construction-financing-rescue,problem-solver,retain-primary,2026-07-19,research/keyword-and-funnel/landing-services-funnel-2026-07-19/keyword-universe.csv,Explain appraisal occupancy documentation and debt-service failure modes.
KWF-085,urgent construction financing Ontario,urgent construction financing ontario,L5,immediate-transaction-problem,construction-rescue,urgent-transactional,,,unavailable-not-zero,qualified,P0,/resources/construction-financing-rescue,problem-solver,retain-secondary,2026-07-19,research/keyword-and-funnel/landing-services-funnel-2026-07-19/keyword-universe.csv,Use precise response-time commitments only if operations can meet them.
