id,name,competitorType,domain,relevantClusterIds,observation,confidence,sourceObservationRefs
competitor-cmhc-authority,Canada Mortgage and Housing Corporation,authority,cmhc-schl.gc.ca,cluster-mli-select-program | cluster-five-plus-construction-takeout,OpenSEO reported the CMHC domain at position one for MLI Select; official product pages define eligibility and underwriting boundaries.,high,source-openseo-mli-competitors | source-official-cmhc-mli-select
competitor-mcap-commercial,MCAP,commercial,mcap.com,cluster-mli-select-program,OpenSEO reported MCAP at position five for MLI Select in the Canada-level competitor sample.,high,source-openseo-mli-competitors
competitor-canada-ici-commercial,Canada ICI,commercial,canadaici.com,cluster-mli-select-program | cluster-five-plus-construction-takeout,OpenSEO reported Canada ICI at position six for MLI Select in the Canada-level competitor sample.,high,source-openseo-mli-competitors
competitor-vanplex-search,VanPlex,search,vanplex.ca,cluster-five-plus-construction-takeout,"A live exact-query sample surfaced a Toronto multiplex financing lifecycle page, validating the integrated construction-to-takeout information need.",medium,source-public-serp-multiplex
competitor-plexora-commercial,Plexora,commercial,plexora.ca,cluster-five-plus-construction-takeout | cluster-two-to-four-unit-multiplex,The live sample surfaced an integrated Toronto design-finance-build competitor that explicitly separates one-to-four-unit and five-plus paths.,medium,source-public-serp-multiplex
competitor-toronto-authority,City of Toronto,authority,toronto.ca,cluster-five-plus-construction-takeout | cluster-two-to-four-unit-multiplex | cluster-garden-suite-feasibility | cluster-garden-laneway-financing,"City pages control Toronto planning, permit, development-charge, ancillary-suite, and short-term-rental facts and therefore outrank commercial sources for factual authority.",high,source-official-toronto-sixplex | source-official-toronto-garden-suites | source-official-toronto-laneway-suites
competitor-garden-suite-home-search,Garden Suite Home,search,gardensuitehome.ca,cluster-garden-laneway-financing | cluster-garden-suite-feasibility,The live exact-query sample surfaced a dedicated Toronto garden-suite financing-options page.,medium,source-public-serp-garden
competitor-atella-commercial,Atella,commercial,atella.ca,cluster-garden-laneway-financing,"The live exact-query sample surfaced a suite builder with an embedded finance offer, representing a supplier-led alternative to brokerage financing.",medium,source-public-serp-garden
competitor-tordon-commercial,Tordon Mortgages,commercial,tordon.com,cluster-construction-financing-ontario | cluster-draw-mechanics-cash-flow,The live exact-query sample surfaced an Ontario construction-mortgage page that separates commercial qualification from milestone and inspection mechanics.,medium,source-search-tordon-construction | source-public-serp-draw
competitor-insight-search,Insight Law Firm,search,insightlawfirm.ca,cluster-draw-mechanics-cash-flow,"The live sample surfaced a current Ontario draw-mortgage explainer covering mechanics and holdback risk, competing for informational intent.",medium,source-search-insight-draw-guide | source-public-serp-draw
competitor-construction-funding-commercial,Construction Funding Ontario,commercial,constructionfinancingontario.com,cluster-construction-financing-ontario | cluster-stalled-project-rescue,"The competitor targets builders, owners, broker referrals, stopped draws, unfinished builds, and lender replacement; its performance claims remain unverified.",medium,source-qualitative-construction-funding-ontario
competitor-fsra-authority,Financial Services Regulatory Authority of Ontario,authority,fsrao.ca,cluster-mortgage-realtor-referral | cluster-professional-delivery-partners,"FSRA controls Ontario mortgage-referral, compensation, disclosure, consent, and co-brokering terminology.",high,source-official-fsra-referrals | source-public-serp-partners
competitor-lendsimpl-search,Lendsimpl,search,lendsimpl.ca,cluster-mortgage-realtor-referral,The exact-audience search result demonstrates a dedicated Toronto realtor-partner page and associated partner-resource pattern.,medium,source-search-lendsimpl-realtors | source-public-serp-partners
competitor-first-source-commercial,First Source Mortgage Corporation,commercial,firstsourcemortgage.ca,cluster-mortgage-realtor-referral | cluster-professional-delivery-partners,"The Ontario lender explicitly addresses brokers, advisers, builders, and developers, showing a combined professional-partner and project-finance acquisition model.",medium,source-search-first-source-partners | source-public-serp-partners
competitor-reddit-search,Reddit,search,reddit.com,cluster-mli-select-program | cluster-garden-suite-feasibility | cluster-draw-mechanics-cash-flow,OpenSEO reported Reddit at position eleven for MLI Select and public samples surfaced Toronto suite and construction-finance questions; anecdotes remain qualitative only.,medium,source-openseo-mli-competitors | source-reddit-canada-construction-mortgage | source-public-serp-garden
