id,query,normalizedQuery,seedConcept,clusterId,workstream,persona,personaDetail,personaTier,financingTrigger,lifecycleStages,funnelHeadline,funnelStage,geography,intent,relevanceDisposition,exclusionReason,dataStatus,monthlySearches,trendSeasonality,cpc,paidCompetition,difficulty,serpFeatures,observedAt,leadCaptureScore,authorityBuildScore,confidence,sourceObservationRefs
keyword-mli-select,MLI Select,mli select,five-plus-mli-select-program,cluster-mli-select-program,five-plus-unit-multiplex-mli-select,build-to-hold-mli-select-developer,,tier-1,mli-select-takeout,feasibility-capital-takeout-planning | institutional-takeout,research,project-feasibility,canada,informational,include,not-excluded-qualified-project-financing-fit,live,1600,2026-06:1300 | 2026-05:1300 | 2026-04:1300 | 2026-03:1600 | 2026-02:1600 | 2026-01:1600 | 2025-12:1300 | 2025-11:1600 | 2025-10:1600 | 2025-09:1600 | 2025-08:1600 | 2025-07:2400 | 2025-06:1900 | 2025-05:2400 | 2025-04:2400 | 2025-03:2400 | 2025-02:2400 | 2025-01:2900 | 2024-12:1900 | 2024-11:2400 | 2024-10:2400 | 2024-09:2400 | 2024-08:1900 | 2024-07:2400,10.25,0.01,0,,2026-07-17T03:31:31.222Z,64,83,high,source-openseo-tracer-metrics | source-official-cmhc-mli-select
keyword-mli-select-financing,MLI Select financing,mli select financing,five-plus-mli-select-commercial,cluster-mli-select-program,five-plus-unit-multiplex-mli-select,build-to-hold-mli-select-developer,,tier-1,mli-select-takeout,feasibility-capital-takeout-planning | institutional-takeout,buying-signal,financing-qualification,canada,commercial-investigation,include,not-excluded-qualified-project-financing-fit,live,20,2026-06:20 | 2026-05:20 | 2026-04:20 | 2026-03:30 | 2026-02:20 | 2026-01:20 | 2025-12:20 | 2025-11:30 | 2025-10:20 | 2025-09:20 | 2025-08:20 | 2025-07:20,,0.02,,,2026-07-17T03:32:04.843Z,70,60,high,source-openseo-five-plus-research | source-official-cmhc-mli-select
keyword-cmhc-mli-select-financing,CMHC MLI Select financing,cmhc mli select financing,five-plus-mli-select-commercial,cluster-mli-select-program,five-plus-unit-multiplex-mli-select,build-to-hold-mli-select-developer,,tier-1,mli-select-takeout,feasibility-capital-takeout-planning | institutional-takeout,research,planning-comparison,canada,informational,include,not-excluded-qualified-project-financing-fit,live,20,2026-06:20 | 2026-05:30 | 2026-04:30 | 2026-03:30 | 2026-02:30 | 2026-01:30 | 2025-12:10 | 2025-11:20 | 2025-10:30 | 2025-09:20 | 2025-08:20 | 2025-07:20,,0.02,,,2026-07-17T03:32:04.843Z,57,66,high,source-openseo-five-plus-research | source-official-cmhc-mli-select
keyword-mli-select-construction-financing,MLI Select construction financing,mli select construction financing,construction-to-insured-takeout,cluster-five-plus-construction-takeout,five-plus-unit-multiplex-mli-select,build-to-hold-mli-select-developer,,tier-1,construction-financing,feasibility-capital-takeout-planning | construction-financing-draws | institutional-takeout,buying-signal,financing-qualification,canada,commercial-investigation,include,not-excluded-qualified-project-financing-fit,live,10,2026-06:10 | 2026-05:10 | 2026-04:10 | 2026-03:20 | 2026-02:10 | 2026-01:20 | 2025-12:10 | 2025-11:10 | 2025-10:10 | 2025-09:10 | 2025-08:20 | 2025-07:20,5.88,0.19,,,2026-07-17T03:32:04.843Z,74,60,high,source-openseo-five-plus-research | source-official-cmhc-mli-select | source-official-cmhc-aclp
keyword-multiplex-construction-financing-toronto,multiplex construction financing Toronto,multiplex construction financing toronto,toronto-five-plus-multiplex-financing,cluster-five-plus-construction-takeout,five-plus-unit-multiplex-mli-select,multiplex-opportunity-purchaser,,tier-1,construction-financing,property-identification-acquisition | feasibility-capital-takeout-planning | construction-financing-draws,buying-signal,financing-qualification,toronto,transactional,include,not-excluded-qualified-project-financing-fit,unavailable,,,,,,commercial-specialist-pages | integrated-design-finance-build-page,2026-07-16T23:40:00-04:00,79,52,medium,source-openseo-tracer-initial | source-public-serp-multiplex | source-official-toronto-sixplex
keyword-construction-financing-toronto,construction financing Toronto,construction financing toronto,local-construction-financing,cluster-five-plus-construction-takeout,five-plus-unit-multiplex-mli-select,build-to-hold-mli-select-developer,,tier-1,construction-financing,construction-financing-draws,buying-signal,financing-qualification,toronto,commercial-investigation,include,not-excluded-qualified-project-financing-fit,live,90,2026-06:10 | 2026-05:20 | 2026-04:20 | 2026-03:30 | 2026-02:40 | 2026-01:140 | 2025-12:170 | 2025-11:210 | 2025-10:210 | 2025-09:170 | 2025-08:50 | 2025-07:30,3.87,0.71,0,,2026-07-17T03:32:04.843Z,83,57,high,source-openseo-five-plus-research | source-public-serp-multiplex
keyword-multi-family-construction-financing,multi family construction financing,multi family construction financing,five-plus-rental-construction,cluster-five-plus-construction-takeout,five-plus-unit-multiplex-mli-select,build-to-hold-mli-select-developer,,tier-1,construction-financing,construction-financing-draws | institutional-takeout,buying-signal,financing-qualification,canada,commercial-investigation,include,not-excluded-qualified-project-financing-fit,live,10,2026-06:10 | 2026-05:10 | 2026-04:10 | 2026-03:10 | 2026-02:10 | 2026-01:10 | 2025-12:10 | 2025-11:0 | 2025-10:10 | 2025-09:20 | 2025-08:10 | 2025-07:10,3.47,0.43,,,2026-07-17T03:33:12.044Z,72,60,high,source-openseo-drawflow-research | source-official-cmhc-aclp
keyword-apartment-construction-financing,apartment construction financing,apartment construction financing,five-plus-rental-construction,cluster-five-plus-construction-takeout,five-plus-unit-multiplex-mli-select,build-to-hold-mli-select-developer,,tier-1,construction-financing,construction-financing-draws | institutional-takeout,buying-signal,financing-qualification,canada,commercial-investigation,include,not-excluded-qualified-project-financing-fit,live,10,2026-06:10 | 2026-05:10 | 2026-04:10 | 2026-03:10 | 2026-02:10 | 2026-01:10 | 2025-12:10 | 2025-11:10 | 2025-10:10 | 2025-09:10 | 2025-08:10 | 2025-07:10,,0,,,2026-07-17T03:33:12.044Z,70,60,high,source-openseo-drawflow-research | source-official-cmhc-aclp
keyword-fourplex-financing-toronto,fourplex financing Toronto,fourplex financing toronto,two-to-four-unit-residential-boundary,cluster-two-to-four-unit-multiplex,five-plus-unit-multiplex-mli-select,homeowner-citizen-developer,,tier-1,construction-financing,feasibility-capital-takeout-planning,research,project-feasibility,toronto,commercial-investigation,include,not-excluded-qualified-project-financing-fit,unavailable,,,,,,,2026-07-16T23:40:00-04:00,46,34,low,source-official-cmhc-refinance | source-official-toronto-multiplex-guide
keyword-duplex-construction-financing-toronto,duplex construction financing Toronto,duplex construction financing toronto,two-to-four-unit-residential-boundary,cluster-two-to-four-unit-multiplex,five-plus-unit-multiplex-mli-select,homeowner-citizen-developer,,tier-1,construction-financing,feasibility-capital-takeout-planning,research,project-feasibility,toronto,commercial-investigation,include,not-excluded-qualified-project-financing-fit,unavailable,,,,,,,2026-07-16T23:40:00-04:00,46,34,low,source-official-cmhc-refinance | source-official-toronto-multiplex-guide
keyword-garden-suite,garden suite,garden suite,garden-suite-topic-demand,cluster-garden-suite-feasibility,garden-laneway-suite-financing,garden-laneway-suite-homeowner,,tier-1,garden-laneway-suite-construction,feasibility-capital-takeout-planning | pre-construction-readiness,research,awareness-education,canada,informational,include,not-excluded-qualified-project-financing-fit,live,1900,2026-06:1900 | 2026-05:1900 | 2026-04:1900 | 2026-03:1900 | 2026-02:1600 | 2026-01:1600 | 2025-12:1300 | 2025-11:1600 | 2025-10:1900 | 2025-09:2400 | 2025-08:1900 | 2025-07:2400 | 2025-06:1900 | 2025-05:2400 | 2025-04:1900 | 2025-03:2400 | 2025-02:1900 | 2025-01:2400 | 2024-12:1900 | 2024-11:1900 | 2024-10:2400 | 2024-09:2900 | 2024-08:2400 | 2024-07:2400,2.78,0.14,0,,2026-07-17T03:31:31.222Z,53,77,high,source-openseo-tracer-metrics | source-official-toronto-garden-suites
keyword-garden-suites-toronto,garden suites Toronto,garden suites toronto,toronto-garden-suite,cluster-garden-suite-feasibility,garden-laneway-suite-financing,garden-laneway-suite-homeowner,,tier-1,garden-laneway-suite-construction,feasibility-capital-takeout-planning | pre-construction-readiness,research,project-feasibility,toronto,commercial-investigation,include,not-excluded-qualified-project-financing-fit,live,590,2026-06:390 | 2026-05:590 | 2026-04:590 | 2026-03:590 | 2026-02:390 | 2026-01:480 | 2025-12:390 | 2025-11:480 | 2025-10:720 | 2025-09:1300 | 2025-08:720 | 2025-07:1000,1.74,0.22,5,,2026-07-17T03:32:43.843Z,63,68,high,source-openseo-garden-research | source-official-toronto-garden-suites
keyword-toronto-garden-suites,Toronto garden suites,toronto garden suites,toronto-garden-suite,cluster-garden-suite-feasibility,garden-laneway-suite-financing,garden-laneway-suite-homeowner,,tier-1,garden-laneway-suite-construction,feasibility-capital-takeout-planning | pre-construction-readiness,research,project-feasibility,toronto,commercial-investigation,include,not-excluded-qualified-project-financing-fit,live,210,2026-06:110 | 2026-05:210 | 2026-04:170 | 2026-03:210 | 2026-02:140 | 2026-01:140 | 2025-12:140 | 2025-11:140 | 2025-10:260 | 2025-09:260 | 2025-08:210 | 2025-07:320,3.35,0.22,5,,2026-07-17T03:32:43.843Z,63,65,high,source-openseo-garden-research | source-official-toronto-garden-suites
keyword-garden-suite-brampton,garden suite Brampton,garden suite brampton,gta-garden-suite,cluster-garden-suite-feasibility,garden-laneway-suite-financing,garden-laneway-suite-homeowner,,tier-1,garden-laneway-suite-construction,feasibility-capital-takeout-planning,research,project-feasibility,municipality,navigational,include,not-excluded-qualified-project-financing-fit,live,90,2026-06:90 | 2026-05:90 | 2026-04:70 | 2026-03:110 | 2026-02:90 | 2026-01:50 | 2025-12:50 | 2025-11:50 | 2025-10:90 | 2025-09:110 | 2025-08:110 | 2025-07:110,1.23,0.07,0,,2026-07-17T03:32:43.843Z,59,48,medium,source-openseo-garden-research
keyword-garden-suite-mississauga,garden suite Mississauga,garden suite mississauga,gta-garden-suite,cluster-garden-suite-feasibility,garden-laneway-suite-financing,garden-laneway-suite-homeowner,,tier-1,garden-laneway-suite-construction,feasibility-capital-takeout-planning,research,project-feasibility,municipality,navigational,include,not-excluded-qualified-project-financing-fit,live,90,2026-06:70 | 2026-05:70 | 2026-04:90 | 2026-03:140 | 2026-02:50 | 2026-01:50 | 2025-12:50 | 2025-11:50 | 2025-10:90 | 2025-09:90 | 2025-08:170 | 2025-07:170,2.15,0.24,0,,2026-07-17T03:32:43.843Z,59,48,medium,source-openseo-garden-research
keyword-garden-suites-toronto-update,garden suites Toronto update,garden suites toronto update,garden-suite-current-rules,cluster-garden-suite-feasibility,garden-laneway-suite-financing,garden-laneway-suite-homeowner,,tier-1,garden-laneway-suite-construction,feasibility-capital-takeout-planning,research,awareness-education,toronto,informational,include,not-excluded-qualified-project-financing-fit,live,10,2026-06:0 | 2026-05:0 | 2026-04:10 | 2026-03:0 | 2026-02:0 | 2026-01:0 | 2025-12:0 | 2025-11:0 | 2025-10:0 | 2025-09:0 | 2025-08:10 | 2025-07:0,,,,,2026-07-17T03:32:43.843Z,50,60,high,source-openseo-garden-research | source-official-toronto-garden-suites
keyword-garden-suite-financing-toronto,garden suite financing Toronto,garden suite financing toronto,garden-suite-financing,cluster-garden-laneway-financing,garden-laneway-suite-financing,garden-laneway-suite-homeowner,,tier-1,garden-laneway-suite-construction,feasibility-capital-takeout-planning | pre-construction-readiness | construction-financing-draws,buying-signal,financing-qualification,toronto,transactional,include,not-excluded-qualified-project-financing-fit,unavailable,,,,,,dedicated-financing-pages | lender-product-pdf,2026-07-16T23:40:00-04:00,78,51,medium,source-openseo-garden-research | source-public-serp-garden | source-official-cmhc-refinance
keyword-laneway-suite-financing-toronto,laneway suite financing Toronto,laneway suite financing toronto,laneway-suite-financing,cluster-garden-laneway-financing,garden-laneway-suite-financing,garden-laneway-suite-homeowner,,tier-1,garden-laneway-suite-construction,feasibility-capital-takeout-planning | pre-construction-readiness | construction-financing-draws,buying-signal,financing-qualification,toronto,transactional,include,not-excluded-qualified-project-financing-fit,unavailable,,,,,,dedicated-financing-pages | lender-product-pdf,2026-07-16T23:40:00-04:00,78,51,medium,source-openseo-garden-research | source-public-serp-garden | source-official-toronto-laneway-suites | source-official-cmhc-refinance
keyword-garden-suite-vs-airbnb-toronto,garden suite vs Airbnb Toronto,garden suite vs airbnb toronto,long-term-versus-short-term-rental,cluster-garden-suite-feasibility,garden-laneway-suite-financing,garden-laneway-suite-homeowner,,tier-1,garden-laneway-suite-construction,feasibility-capital-takeout-planning | lease-up-stabilization,research,planning-comparison,toronto,informational,include,not-excluded-qualified-project-financing-fit,unavailable,,,,,,,2026-07-16T23:40:00-04:00,56,50,medium,source-official-toronto-short-term-rentals | source-official-cra-short-term-rental | source-official-cmhc-refinance
keyword-construction-financing,construction financing,construction financing,builder-project-financing,cluster-construction-financing-ontario,drawflow-builder-financing,builder-seeking-flexible-construction-financing,,tier-1,construction-financing,construction-financing-draws,buying-signal,financing-qualification,canada,commercial-investigation,include,not-excluded-qualified-project-financing-fit,live,880,2026-06:590 | 2026-05:590 | 2026-04:720 | 2026-03:880 | 2026-02:1000 | 2026-01:1600 | 2025-12:720 | 2025-11:880 | 2025-10:1000 | 2025-09:1000 | 2025-08:1300 | 2025-07:720 | 2025-06:720 | 2025-05:880 | 2025-04:1900 | 2025-03:5400 | 2025-02:880 | 2025-01:880 | 2024-12:720 | 2024-11:880 | 2024-10:880 | 2024-09:1000 | 2024-08:880 | 2024-07:880,8.15,0.44,10,,2026-07-17T03:31:31.222Z,78,60,high,source-openseo-tracer-metrics | source-openseo-drawflow-research
keyword-construction-mortgage,construction mortgage,construction mortgage,builder-project-financing,cluster-construction-financing-ontario,drawflow-builder-financing,builder-seeking-flexible-construction-financing,,tier-1,construction-financing,construction-financing-draws,buying-signal,financing-qualification,canada,commercial-investigation,include,not-excluded-qualified-project-financing-fit,live,590,2026-06:390 | 2026-05:480 | 2026-04:590 | 2026-03:720 | 2026-02:480 | 2026-01:480 | 2025-12:320 | 2025-11:320 | 2025-10:590 | 2025-09:1600 | 2025-08:480 | 2025-07:480,7.12,0.4,0,,2026-07-17T03:33:12.044Z,79,74,high,source-openseo-drawflow-research | source-official-rbc-construction-mortgage
keyword-construction-mortgage-ontario,construction mortgage Ontario,construction mortgage ontario,ontario-builder-project-financing,cluster-construction-financing-ontario,drawflow-builder-financing,builder-seeking-flexible-construction-financing,,tier-1,construction-financing,construction-financing-draws,buying-signal,financing-qualification,ontario,commercial-investigation,include,not-excluded-qualified-project-financing-fit,live,170,2026-06:90 | 2026-05:110 | 2026-04:140 | 2026-03:210 | 2026-02:140 | 2026-01:170 | 2025-12:170 | 2025-11:260 | 2025-10:320 | 2025-09:320 | 2025-08:170 | 2025-07:170,8.88,0.6,0,,2026-07-17T03:33:12.044Z,82,60,high,source-openseo-drawflow-research | source-public-serp-draw
keyword-construction-financing-canada,construction financing Canada,construction financing canada,builder-project-financing,cluster-construction-financing-ontario,drawflow-builder-financing,builder-seeking-flexible-construction-financing,,tier-1,construction-financing,construction-financing-draws,buying-signal,financing-qualification,canada,commercial-investigation,include,not-excluded-qualified-project-financing-fit,live,140,2026-06:70 | 2026-05:110 | 2026-04:140 | 2026-03:210 | 2026-02:110 | 2026-01:110 | 2025-12:110 | 2025-11:110 | 2025-10:110 | 2025-09:260 | 2025-08:140 | 2025-07:140,8.6,0.56,17,,2026-07-17T03:33:12.044Z,78,56,high,source-openseo-drawflow-research
keyword-commercial-construction-loan,commercial construction loan,commercial construction loan,commercial-project-financing,cluster-construction-financing-ontario,drawflow-builder-financing,builder-seeking-flexible-construction-financing,,tier-1,construction-financing,construction-financing-draws,buying-signal,financing-qualification,canada,commercial-investigation,include,not-excluded-qualified-project-financing-fit,live,110,2026-06:20 | 2026-05:40 | 2026-04:30 | 2026-03:70 | 2026-02:50 | 2026-01:140 | 2025-12:210 | 2025-11:260 | 2025-10:260 | 2025-09:140 | 2025-08:50 | 2025-07:40,9.92,0.53,0,,2026-07-17T03:33:12.044Z,79,57,high,source-openseo-drawflow-research
keyword-construction-loan-toronto,construction loan Toronto,construction loan toronto,toronto-project-financing,cluster-construction-financing-ontario,drawflow-builder-financing,builder-seeking-flexible-construction-financing,,tier-1,construction-financing,construction-financing-draws,buying-signal,financing-qualification,toronto,commercial-investigation,include,not-excluded-qualified-project-financing-fit,live,90,2026-06:10 | 2026-05:20 | 2026-04:20 | 2026-03:30 | 2026-02:40 | 2026-01:140 | 2025-12:170 | 2025-11:210 | 2025-10:210 | 2025-09:170 | 2025-08:50 | 2025-07:30,3.87,0.71,0,,2026-07-17T03:33:12.044Z,83,57,high,source-openseo-drawflow-research | source-public-serp-draw
keyword-construction-loan-lender,construction loan lender,construction loan lender,construction-lender-selection,cluster-construction-financing-ontario,drawflow-builder-financing,builder-seeking-flexible-construction-financing,,tier-1,construction-financing,construction-financing-draws,buying-signal,financing-qualification,canada,transactional,include,not-excluded-qualified-project-financing-fit,live,50,2026-06:40 | 2026-05:140 | 2026-04:170 | 2026-03:110 | 2026-02:70 | 2026-01:30 | 2025-12:20 | 2025-11:20 | 2025-10:30 | 2025-09:20 | 2025-08:10 | 2025-07:10,11.5,0.08,,,2026-07-17T03:33:12.044Z,77,49,high,source-openseo-drawflow-research
keyword-construction-mortgage-lender,construction mortgage lender,construction mortgage lender,construction-lender-selection,cluster-construction-financing-ontario,drawflow-builder-financing,builder-seeking-flexible-construction-financing,,tier-1,construction-financing,construction-financing-draws,buying-signal,financing-qualification,canada,transactional,include,not-excluded-qualified-project-financing-fit,live,30,2026-06:20 | 2026-05:40 | 2026-04:40 | 2026-03:20 | 2026-02:20 | 2026-01:30 | 2025-12:20 | 2025-11:10 | 2025-10:10 | 2025-09:30 | 2025-08:50 | 2025-07:50,9.31,0.25,0,,2026-07-17T03:33:12.044Z,81,51,high,source-openseo-drawflow-research
keyword-construction-to-permanent-financing,construction to permanent financing,construction to permanent financing,construction-takeout-comparison,cluster-construction-financing-comparison,drawflow-builder-financing,builder-seeking-flexible-construction-financing,,tier-1,stabilization-takeout,construction-financing-draws | institutional-takeout,research,planning-comparison,canada,commercial-investigation,include,not-excluded-qualified-project-financing-fit,live,110,2026-06:110 | 2026-05:210 | 2026-04:140 | 2026-03:170 | 2026-02:140 | 2026-01:50 | 2025-12:50 | 2025-11:70 | 2025-10:70 | 2025-09:70 | 2025-08:140 | 2025-07:90,10.93,0.07,20,,2026-07-17T03:33:12.044Z,63,50,high,source-openseo-drawflow-research | source-search-insight-draw-guide
keyword-builder-financing-construction,builder financing construction,builder financing construction,builder-borrower-financing,cluster-construction-financing-ontario,drawflow-builder-financing,builder-seeking-flexible-construction-financing,,tier-1,construction-financing,construction-financing-draws,buying-signal,financing-qualification,canada,commercial-investigation,include,not-excluded-qualified-project-financing-fit,live,10,2026-06:10 | 2026-05:0 | 2026-04:0 | 2026-03:0 | 2026-02:0 | 2026-01:0 | 2025-12:0 | 2025-11:0 | 2025-10:0 | 2025-09:0 | 2025-08:0 | 2025-07:0,,0.86,,,2026-07-17T03:33:12.044Z,70,46,high,source-openseo-drawflow-research
keyword-land-and-construction-financing,land and construction financing,land and construction financing,acquisition-to-construction,cluster-construction-financing-ontario,drawflow-builder-financing,multiplex-opportunity-purchaser,,tier-1,property-acquisition,property-identification-acquisition | construction-financing-draws,buying-signal,financing-qualification,canada,commercial-investigation,include,not-excluded-qualified-project-financing-fit,live,20,2026-06:10 | 2026-05:20 | 2026-04:40 | 2026-03:30 | 2026-02:20 | 2026-01:10 | 2025-12:30 | 2025-11:20 | 2025-10:20 | 2025-09:20 | 2025-08:20 | 2025-07:10,,0.33,,,2026-07-17T03:33:12.044Z,69,46,high,source-openseo-drawflow-research
keyword-construction-draw-financing-ontario,construction draw financing Ontario,construction draw financing ontario,draw-mechanics-and-project-cash-flow,cluster-draw-mechanics-cash-flow,drawflow-builder-financing,builder-seeking-flexible-construction-financing,,tier-1,construction-draw-cash-flow,construction-financing-draws,buying-signal,financing-qualification,ontario,commercial-investigation,include,not-excluded-qualified-project-financing-fit,unavailable,,,,,,commercial-product-pages | process-explainer,2026-07-16T23:40:00-04:00,71,48,medium,source-openseo-serp-failures | source-public-serp-draw | source-official-ontario-construction-act | source-official-canada-guaranty-draws
keyword-construction-draw-reimbursement-gap,construction draw reimbursement gap,construction draw reimbursement gap,draw-reimbursement-and-deposit-cash-flow,cluster-draw-pain-reimbursement-gaps,drawflow-builder-financing,builder-seeking-flexible-construction-financing,,tier-1,construction-draw-cash-flow,construction-financing-draws | rescue-refinance-lender-replacement,buying-signal,immediate-transaction-problem,ontario,transactional,include,not-excluded-qualified-project-financing-fit,unavailable,,,,,,,2026-07-16T23:40:00-04:00,70,44,low,source-openseo-drawflow-research | source-reddit-builder-material-credit | source-user-positioning
keyword-builder-material-deposit-financing,builder material deposit financing,builder material deposit financing,draw-reimbursement-and-deposit-cash-flow,cluster-draw-pain-reimbursement-gaps,drawflow-builder-financing,builder-seeking-flexible-construction-financing,,tier-1,construction-draw-cash-flow,construction-financing-draws,buying-signal,immediate-transaction-problem,ontario,transactional,include,not-excluded-qualified-project-financing-fit,unavailable,,,,,,,2026-07-16T23:40:00-04:00,70,44,low,source-openseo-drawflow-research | source-reddit-builder-material-credit | source-user-positioning
keyword-stalled-construction-project-financing,stalled construction project financing,stalled construction project financing,distressed-project-rescue,cluster-stalled-project-rescue,drawflow-builder-financing,bank-declined-viable-project-borrower,,tier-1,rescue-refinance-lender-replacement,rescue-refinance-lender-replacement,buying-signal,immediate-transaction-problem,ontario,transactional,include,not-excluded-qualified-project-financing-fit,unavailable,,,,,,,2026-07-16T23:40:00-04:00,65,32,low,source-qualitative-construction-funding-ontario | source-qualitative-cedar-faq
keyword-lender-stopped-construction-draws,lender stopped construction draws,lender stopped construction draws,distressed-project-rescue,cluster-stalled-project-rescue,drawflow-builder-financing,bank-declined-viable-project-borrower,,tier-1,rescue-refinance-lender-replacement,rescue-refinance-lender-replacement,buying-signal,immediate-transaction-problem,ontario,transactional,include,not-excluded-qualified-project-financing-fit,unavailable,,,,,,,2026-07-16T23:40:00-04:00,65,32,low,source-qualitative-construction-funding-ontario | source-qualitative-cedar-faq
keyword-mortgage-broker-for-realtors-toronto,mortgage broker for realtors Toronto,mortgage broker for realtors toronto,realtor-referral-partnership,cluster-mortgage-realtor-referral,b2b-partner-referral,realtor-referral-partner,,tier-2,b2b-referral,property-identification-acquisition | feasibility-capital-takeout-planning,buying-signal,financing-qualification,toronto,commercial-investigation,include,not-excluded-qualified-project-financing-fit,unavailable,,,,,,exact-audience-partner-page | regulatory-authority,2026-07-16T23:40:00-04:00,61,40,medium,source-openseo-serp-failures | source-public-serp-partners | source-search-lendsimpl-realtors | source-official-fsra-referrals
keyword-mortgage-broker-referral-partnership,mortgage broker referral partnership,mortgage broker referral partnership,mortgage-broker-referral-partnership,cluster-mortgage-realtor-referral,b2b-partner-referral,mortgage-broker-referral-partner,,tier-2,b2b-referral,property-identification-acquisition | feasibility-capital-takeout-planning,buying-signal,financing-qualification,ontario,commercial-investigation,include,not-excluded-qualified-project-financing-fit,unavailable,,,,,,,2026-07-16T23:40:00-04:00,54,38,medium,source-openseo-b2b-research | source-official-fsra-referrals | source-search-first-source-partners
keyword-refer-construction-financing-deal-ontario,refer a construction financing deal Ontario,refer a construction financing deal ontario,professional-project-referral,cluster-professional-delivery-partners,b2b-partner-referral,professional-referral-partner,,tier-2,b2b-referral,property-identification-acquisition | pre-construction-readiness,buying-signal,financing-qualification,ontario,transactional,include,not-excluded-qualified-project-financing-fit,unavailable,,,,,,,2026-07-16T23:40:00-04:00,57,38,medium,source-official-fsra-referrals | source-official-reco-financial-benefits | source-reddit-gta-renovation-financing | source-search-first-source-partners
keyword-mortgage-broker-for-construction-loans,mortgage broker for construction loans,mortgage broker for construction loans,builder-borrower-broker-search,cluster-construction-financing-ontario,drawflow-builder-financing,builder-seeking-flexible-construction-financing,,tier-1,construction-financing,construction-financing-draws,buying-signal,financing-qualification,canada,commercial-investigation,include,not-excluded-qualified-project-financing-fit,live,10,2026-06:10 | 2026-05:10 | 2026-04:10 | 2026-03:10 | 2026-02:10 | 2026-01:10 | 2025-12:10 | 2025-11:10 | 2025-10:10 | 2025-09:10 | 2025-08:10 | 2025-07:10,0.78,0.33,39,,2026-07-17T03:33:12.044Z,73,48,high,source-openseo-drawflow-research
keyword-mortgage-broker-toronto,mortgage broker Toronto,mortgage broker toronto,generic-consumer-broker-search,cluster-mortgage-realtor-referral,b2b-partner-referral,adjacent-discovered-other,Consumer mortgage shopper rather than a referral partner,adjacent-discovered,b2b-referral,property-identification-acquisition,buying-signal,financing-qualification,toronto,commercial-investigation,exclude,ordinary-home-purchase-mortgage,live,1300,2026-06:880 | 2026-05:1000 | 2026-04:1300 | 2026-03:1300 | 2026-02:1300 | 2026-01:1600 | 2025-12:1000 | 2025-11:1300 | 2025-10:1600 | 2025-09:2400 | 2025-08:1000 | 2025-07:1000,16.4,0.67,27,,2026-07-17T03:33:46.586Z,3,3,high,source-openseo-b2b-research
keyword-mortgage-calculator,mortgage calculator,mortgage calculator,generic-consumer-mortgage-tool,cluster-mortgage-realtor-referral,b2b-partner-referral,adjacent-discovered-other,Consumer calculator user without project or referral intent,adjacent-discovered,b2b-referral,property-identification-acquisition,research,awareness-education,canada,informational,exclude,ordinary-home-purchase-mortgage,live,368000,2026-06:301000 | 2026-05:368000 | 2026-04:450000 | 2026-03:450000 | 2026-02:368000 | 2026-01:450000 | 2025-12:301000 | 2025-11:368000 | 2025-10:450000 | 2025-09:450000 | 2025-08:450000 | 2025-07:450000,0.55,0.49,73,,2026-07-17T03:33:46.586Z,3,3,high,source-openseo-b2b-research
keyword-realtor-mortgage-calculator,realtor mortgage calculator,realtor mortgage calculator,generic-consumer-mortgage-tool,cluster-mortgage-realtor-referral,b2b-partner-referral,adjacent-discovered-other,Consumer calculator user without project or referral intent,adjacent-discovered,b2b-referral,property-identification-acquisition,research,awareness-education,canada,informational,exclude,ordinary-home-purchase-mortgage,live,2400,2026-06:2400 | 2026-05:2900 | 2026-04:2900 | 2026-03:2900 | 2026-02:2400 | 2026-01:2400 | 2025-12:1600 | 2025-11:2400 | 2025-10:2400 | 2025-09:2900 | 2025-08:2900 | 2025-07:2900,0.12,0.06,88,,2026-07-17T03:33:46.586Z,3,3,high,source-openseo-b2b-research
keyword-grey-gardens-toronto,grey gardens Toronto,grey gardens toronto,garden-seed-noise,cluster-garden-suite-feasibility,garden-laneway-suite-financing,adjacent-discovered-other,Unrelated navigational entertainment or place searcher,adjacent-discovered,garden-laneway-suite-construction,feasibility-capital-takeout-planning,research,awareness-education,toronto,navigational,exclude,other-no-project-financing-connection,live,5400,2026-06:4400 | 2026-05:4400 | 2026-04:5400 | 2026-03:5400 | 2026-02:5400 | 2026-01:6600 | 2025-12:6600 | 2025-11:6600 | 2025-10:5400 | 2025-09:5400 | 2025-08:5400 | 2025-07:5400,2.48,0,0,,2026-07-17T03:32:43.843Z,3,3,high,source-openseo-garden-research
keyword-garden-suite-edmonton,garden suite Edmonton,garden suite edmonton,out-of-market-garden-suite,cluster-garden-suite-feasibility,garden-laneway-suite-financing,garden-laneway-suite-homeowner,,tier-1,garden-laneway-suite-construction,feasibility-capital-takeout-planning,research,project-feasibility,municipality,navigational,down-rank,other-no-project-financing-connection,live,140,2026-06:110 | 2026-05:140 | 2026-04:140 | 2026-03:140 | 2026-02:140 | 2026-01:140 | 2025-12:70 | 2025-11:110 | 2025-10:140 | 2025-09:170 | 2025-08:140 | 2025-07:170,2.78,0.52,0,,2026-07-17T03:32:43.843Z,3,3,high,source-openseo-garden-research
keyword-roof-financing,roof financing,roof financing,consumer-renovation-noise,cluster-construction-financing-ontario,drawflow-builder-financing,adjacent-discovered-other,Consumer renovation borrower without project-development intent,adjacent-discovered,construction-financing,construction-financing-draws,buying-signal,financing-qualification,canada,commercial-investigation,exclude,unrelated-consumer-renovation-loan,live,110,2026-06:110 | 2026-05:110 | 2026-04:140 | 2026-03:170 | 2026-02:90 | 2026-01:40 | 2025-12:50 | 2025-11:110 | 2025-10:170 | 2025-09:170 | 2025-08:110 | 2025-07:110,12.13,0.85,0,,2026-07-17T03:33:12.044Z,3,3,high,source-openseo-drawflow-research
keyword-construction-lien,construction lien,construction lien,construction-legal-noise,cluster-stalled-project-rescue,drawflow-builder-financing,adjacent-discovered-other,Legal-information searcher without demonstrated financing intent,adjacent-discovered,rescue-refinance-lender-replacement,rescue-refinance-lender-replacement,buying-signal,immediate-transaction-problem,canada,informational,down-rank,other-no-project-financing-connection,live,390,2026-06:390 | 2026-05:320 | 2026-04:390 | 2026-03:480 | 2026-02:320 | 2026-01:390 | 2025-12:390 | 2025-11:480 | 2025-10:480 | 2025-09:480 | 2025-08:390 | 2025-07:390,2.99,0.06,0,,2026-07-17T03:33:12.044Z,3,3,high,source-openseo-drawflow-research
