id,topic,proposedUrl,existingUrl,urlDisposition,pageType,persona,personaDetail,personaTier,financingTrigger,funnelHeadline,funnelStage,lifecycleStages,intent,primaryConversion,clusterIds,qualificationExpectations,localEvidence,competitorIds,competitorEvidence,aiQuestionIds,internalLinkRole,requiredOriginalEvidence,claimIds,cannibalizationDependencies,leadCaptureScore,authorityBuildScore,confidence,recommendedPriority,nextHumanDecision,sourceObservationRefs
opportunity-homepage-pathways,Homepage qualified-project pathways and trust evidence,/,https://www.fairlend.ca/,preserve,homepage,homeowner-citizen-developer,,tier-1,construction-financing,research,planning-comparison,property-identification-acquisition | feasibility-capital-takeout-planning,commercial-investigation,project-financing-assessment,cluster-mli-select-program | cluster-garden-laneway-financing | cluster-construction-financing-ontario | cluster-mortgage-realtor-referral,Owns or has identified a GTA property | Has credible equity or down-payment capital | Plans an income-producing project within approximately twelve months,source-observation-live-home-response-2026-07-16 | source-observation-audit-page-20,competitor-plexora-commercial | competitor-first-source-commercial,"competitor-plexora-commercial: The live sample surfaced an integrated Toronto design-finance-build competitor that explicitly separates one-to-four-unit and five-plus paths. | competitor-first-source-commercial: The Ontario lender explicitly addresses brokers, advisers, builders, and developers, showing a combined professional-partner and project-finance acquisition model.",question-mli-five-unit-eligibility | question-mli-construction-vs-takeout | question-mli-points-tradeoffs | question-garden-suite-rent-qualification | question-garden-suite-equity | question-garden-suite-financing-options | question-garden-vs-laneway-financing | question-construction-project-qualification | question-partner-simple-referral | question-partner-realtor-disclosure | question-partner-projects-to-refer | question-partner-status-updates,brand-root-and-qualified-pathway-router,Verified licence and service-area identity | Named partner-role map | Approved project-qualification matrix,claim-one-stop-end-to-end,site-home | site-borrowers | site-partners,82,74,medium,critical,"Approve pathway hierarchy, trust evidence, and routing requirements before any homepage copy proposal.",source-user-positioning | source-observation-audit-page-4 | source-observation-audit-page-18
opportunity-five-plus-mli-financing,Five-plus-unit multiplex construction and MLI Select financing,/multiplex-financing-gta,https://www.fairlend.ca/multiplex-financing-gta,replace,money-page,build-to-hold-mli-select-developer,,tier-1,mli-select-takeout,buying-signal,financing-qualification,property-identification-acquisition | feasibility-capital-takeout-planning | construction-financing-draws | lease-up-stabilization | institutional-takeout,transactional,project-financing-assessment,cluster-mli-select-program | cluster-five-plus-construction-takeout,"Five or more planned residential units | GTA property or acquisition target with address-specific planning review | Documented equity, liquidity, budget, experience or management plan, and exit strategy",source-official-toronto-sixplex | source-public-serp-multiplex,competitor-cmhc-authority | competitor-canada-ici-commercial | competitor-vanplex-search | competitor-plexora-commercial,"competitor-cmhc-authority: OpenSEO reported the CMHC domain at position one for MLI Select; official product pages define eligibility and underwriting boundaries. | competitor-canada-ici-commercial: OpenSEO reported Canada ICI at position six for MLI Select in the Canada-level competitor sample. | competitor-vanplex-search: A live exact-query sample surfaced a Toronto multiplex financing lifecycle page, validating the integrated construction-to-takeout information need. | competitor-plexora-commercial: The live sample surfaced an integrated Toronto design-finance-build competitor that explicitly separates one-to-four-unit and five-plus paths.",question-mli-five-unit-eligibility | question-mli-construction-vs-takeout | question-mli-points-tradeoffs | question-five-plus-acquisition-to-takeout | question-toronto-sixplex-location,five-plus-commercial-pillar,Approved five-plus intake criteria | Construction-to-stabilization-to-takeout process map | Partner-role evidence | Current official program sources,claim-mli-minimum-five-units | claim-mli-up-to-leverage-amortization | claim-toronto-sixplex-not-citywide | claim-one-stop-end-to-end,site-multiplex-financing-gta | site-affordable-sustainable-rental-housing,79,70,medium,critical,"Approve replacement of the low-value page and confirm product, partner, and underwriting evidence owners.",source-openseo-five-plus-research | source-public-serp-multiplex | source-official-cmhc-mli-select | source-user-positioning
opportunity-mli-select-planning-guide,MLI Select eligibility and pre-construction planning guide,/multiplex-financing-gta/mli-select,,proposed-new,resource,build-to-hold-mli-select-developer,,tier-1,mli-select-takeout,research,project-feasibility,feasibility-capital-takeout-planning | pre-construction-readiness,informational,financing-strategy,cluster-mli-select-program,"Five-plus-unit rental concept | Willingness to document affordability, energy, accessibility, operations, and takeout assumptions",source-official-toronto-sixplex | source-official-toronto-development-charges,competitor-cmhc-authority | competitor-mcap-commercial | competitor-reddit-search,competitor-cmhc-authority: OpenSEO reported the CMHC domain at position one for MLI Select; official product pages define eligibility and underwriting boundaries. | competitor-mcap-commercial: OpenSEO reported MCAP at position five for MLI Select in the Canada-level competitor sample. | competitor-reddit-search: OpenSEO reported Reddit at position eleven for MLI Select and public samples surfaced Toronto suite and construction-finance questions; anecdotes remain qualitative only.,question-mli-five-unit-eligibility | question-mli-construction-vs-takeout | question-mli-points-tradeoffs,five-plus-authority-and-ai-citation-node,Current scorecard interpretation | Approved-lender review | FairLend process diagram | Current program freshness log,claim-mli-minimum-five-units | claim-mli-up-to-leverage-amortization | claim-cmhc-refinance-up-to-four-units,site-multiplex-financing-gta | site-affordable-sustainable-rental-housing,64,70,high,high,Approve the evidence outline and appoint program-fact and compliance reviewers.,source-openseo-tracer-metrics | source-openseo-mli-competitors | source-official-cmhc-mli-select
opportunity-five-plus-financing-roadmap,Five-plus project acquisition-to-takeout financing roadmap,/multiplex-financing-gta/project-financing-roadmap,,proposed-new,resource,multiplex-opportunity-purchaser,,tier-1,property-acquisition,research,planning-comparison,property-identification-acquisition | feasibility-capital-takeout-planning | pre-construction-readiness | construction-financing-draws | lease-up-stabilization | institutional-takeout,commercial-investigation,financing-strategy,cluster-five-plus-construction-takeout,"Identified or target property | Preliminary unit plan, budget, equity, schedule, rents, and exit assumptions",source-official-toronto-sixplex | source-official-toronto-multiplex-guide,competitor-vanplex-search | competitor-plexora-commercial | competitor-toronto-authority,"competitor-vanplex-search: A live exact-query sample surfaced a Toronto multiplex financing lifecycle page, validating the integrated construction-to-takeout information need. | competitor-plexora-commercial: The live sample surfaced an integrated Toronto design-finance-build competitor that explicitly separates one-to-four-unit and five-plus paths. | competitor-toronto-authority: City pages control Toronto planning, permit, development-charge, ancillary-suite, and short-term-rental facts and therefore outrank commercial sources for factual authority.",question-five-plus-acquisition-to-takeout | question-toronto-sixplex-location,five-plus-lifecycle-navigation-node,Stage-gate diagram | Required-document matrix | Partner-role and handoff map | Takeout-readiness checklist,claim-toronto-sixplex-not-citywide | claim-one-stop-end-to-end,site-multiplex-financing-gta | site-construction-draw-financing,79,60,medium,high,Confirm the stage-gate model and evidence owners before approving the resource structure.,source-public-serp-multiplex | source-official-cmhc-aclp | source-user-positioning
opportunity-garden-laneway-financing,Toronto and GTA garden and laneway-suite financing,/garden-suite-financing-gta,https://www.fairlend.ca/garden-suite-financing-gta,replace,money-page,garden-laneway-suite-homeowner,,tier-1,garden-laneway-suite-construction,buying-signal,financing-qualification,feasibility-capital-takeout-planning | pre-construction-readiness | construction-financing-draws | lease-up-stabilization,transactional,project-financing-assessment,cluster-garden-laneway-financing | cluster-garden-suite-feasibility,"Owns or is acquiring a GTA property | Has an address-specific feasibility path | Can document equity, budget, contingency, permits, rent assumptions, and intended use",source-official-toronto-garden-suites | source-official-toronto-laneway-suites | source-public-serp-garden,competitor-garden-suite-home-search | competitor-atella-commercial | competitor-toronto-authority,"competitor-garden-suite-home-search: The live exact-query sample surfaced a dedicated Toronto garden-suite financing-options page. | competitor-atella-commercial: The live exact-query sample surfaced a suite builder with an embedded finance offer, representing a supplier-led alternative to brokerage financing. | competitor-toronto-authority: City pages control Toronto planning, permit, development-charge, ancillary-suite, and short-term-rental facts and therefore outrank commercial sources for factual authority.",question-garden-suite-rent-qualification | question-garden-suite-equity | question-garden-suite-financing-options | question-garden-vs-laneway-financing | question-garden-suite-property-fit | question-suite-long-vs-short-rental | question-suite-federal-loan-status | question-suite-incentive-verification,ancillary-suite-commercial-pillar,Approved suite-financing criteria | Address-feasibility intake | Financing-option decision table | Partner-role and permit handoff map,claim-toronto-suite-definitions | claim-cmhc-refinance-up-to-four-units | claim-federal-secondary-suite-loan-available | claim-toronto-forgivable-suite-loan-available | claim-one-stop-end-to-end,site-garden-suite-financing-gta | site-garden-suite | site-private-mortgage-financing,73,70,medium,critical,Approve a combined garden-and-laneway replacement page and reject separate lexical-variant money pages.,source-openseo-garden-research | source-public-serp-garden | source-official-cmhc-refinance | source-official-fcac-home-equity-options | source-official-fcac-heloc | source-user-positioning
opportunity-garden-suite-feasibility,Garden-suite feasibility and project-readiness guide,/garden-suite-financing-gta/feasibility,https://www.fairlend.ca/garden-suite,consolidate,resource,garden-laneway-suite-homeowner,,tier-1,garden-laneway-suite-construction,research,project-feasibility,feasibility-capital-takeout-planning | pre-construction-readiness,informational,financing-strategy,cluster-garden-suite-feasibility,"Toronto or confirmed GTA municipality property | Willingness to obtain survey, zoning, access, servicing, tree, permit, budget, and rent evidence",source-official-toronto-garden-suites | source-official-toronto-preapproved-suites,competitor-toronto-authority | competitor-garden-suite-home-search | competitor-reddit-search,"competitor-toronto-authority: City pages control Toronto planning, permit, development-charge, ancillary-suite, and short-term-rental facts and therefore outrank commercial sources for factual authority. | competitor-garden-suite-home-search: The live exact-query sample surfaced a dedicated Toronto garden-suite financing-options page. | competitor-reddit-search: OpenSEO reported Reddit at position eleven for MLI Select and public samples surfaced Toronto suite and construction-finance questions; anecdotes remain qualitative only.",question-garden-suite-property-fit | question-suite-long-vs-short-rental | question-suite-federal-loan-status | question-suite-incentive-verification,ancillary-suite-authority-and-qualification-node,Address-feasibility checklist | Municipality-specific evidence standard | Current incentive-status log | Expert-reviewed cost and document taxonomy,claim-toronto-suite-definitions | claim-federal-secondary-suite-loan-available | claim-toronto-forgivable-suite-loan-available | claim-ontario-enhanced-rental-rebate,site-garden-suite | site-garden-suite-financing-gta,62,70,high,high,Approve consolidation of the existing informational page into a sourced feasibility resource.,source-openseo-tracer-metrics | source-openseo-garden-research | source-official-toronto-garden-suites
opportunity-suite-rental-comparison,Long-term versus short-term ancillary-suite rental comparison,/garden-suite-financing-gta/feasibility,,consolidate,comparison,garden-laneway-suite-homeowner,,tier-1,garden-laneway-suite-construction,research,planning-comparison,feasibility-capital-takeout-planning | lease-up-stabilization,informational,financing-strategy,cluster-garden-suite-feasibility,"Toronto property and intended occupancy pattern | Willingness to obtain municipal, tax, lender, and insurer review",source-official-toronto-short-term-rentals | source-official-toronto-garden-suites,competitor-toronto-authority | competitor-reddit-search,"competitor-toronto-authority: City pages control Toronto planning, permit, development-charge, ancillary-suite, and short-term-rental facts and therefore outrank commercial sources for factual authority. | competitor-reddit-search: OpenSEO reported Reddit at position eleven for MLI Select and public samples surfaced Toronto suite and construction-finance questions; anecdotes remain qualitative only.",question-garden-suite-property-fit | question-suite-long-vs-short-rental | question-suite-federal-loan-status | question-suite-incentive-verification,ancillary-suite-use-case-comparison-node,Municipal-rule comparison | Tax and financing decision matrix | Long-term rent methodology | Professional review dates,claim-toronto-short-term-rental-boundary | claim-cmhc-refinance-up-to-four-units,site-garden-suite-financing-gta | site-garden-suite,62,70,high,low,Keep this as a comparison module inside the feasibility resource unless a future SERP sample validates a distinct URL.,source-official-toronto-short-term-rentals | source-official-cra-short-term-rental | source-official-cmhc-refinance
opportunity-drawflow-builder-financing,Builder construction financing and DrawFlow qualification,/construction-draw-financing,https://www.fairlend.ca/construction-draw-financing,replace,money-page,builder-seeking-flexible-construction-financing,,tier-1,construction-draw-cash-flow,buying-signal,financing-qualification,property-identification-acquisition | pre-construction-readiness | construction-financing-draws | institutional-takeout,transactional,submit-project-review,cluster-construction-financing-ontario | cluster-draw-mechanics-cash-flow | cluster-draw-pain-reimbursement-gaps | cluster-construction-financing-comparison,"Builder, developer, or project SPV is the borrower | Identified Ontario project with site control, budget, schedule, permits, equity, liquidity, draw plan, and exit | Willingness to document existing debt, project obligations, and professional team",source-official-ontario-construction-act | source-public-serp-draw,competitor-tordon-commercial | competitor-construction-funding-commercial | competitor-insight-search,"competitor-tordon-commercial: The live exact-query sample surfaced an Ontario construction-mortgage page that separates commercial qualification from milestone and inspection mechanics. | competitor-construction-funding-commercial: The competitor targets builders, owners, broker referrals, stopped draws, unfinished builds, and lender replacement; its performance claims remain unverified. | competitor-insight-search: The live sample surfaced a current Ontario draw-mortgage explainer covering mechanics and holdback risk, competing for informational intent.",question-construction-project-qualification | question-construction-draw-verification | question-draw-holdback-cash-flow | question-draw-interest-outstanding-balance | question-draw-deposits-before-installation | question-draw-multiple-projects | question-draw-vs-construction-mortgage,builder-financing-commercial-pillar,Approved DrawFlow term sheet and operating procedure | Eligible-cost and verification policy | Builder qualification matrix | Case-evidence dossier with locked savings claim,claim-drawflow-on-demand-line | claim-drawflow-fifty-percent | claim-one-stop-end-to-end,site-construction-draw-financing | site-private-mortgage-financing | site-multiplex-financing-gta,82,65,high,critical,Approve replacement positioning for builder borrowers and keep the savings claim locked until case review.,source-openseo-drawflow-research | source-public-serp-draw | source-user-positioning | source-official-ontario-construction-act
opportunity-construction-draw-guide,Ontario construction draw mechanics and cash-flow guide,/construction-draw-financing/how-construction-draws-work-ontario,,proposed-new,resource,builder-seeking-flexible-construction-financing,,tier-1,construction-draw-cash-flow,research,planning-comparison,pre-construction-readiness | construction-financing-draws,informational,financing-strategy,cluster-draw-mechanics-cash-flow | cluster-draw-pain-reimbursement-gaps | cluster-construction-financing-comparison,"Ontario project context | Willingness to document budget, schedule, deposits, trades, inspections, holdbacks, draw timing, and exit",source-official-ontario-construction-act | source-search-insight-draw-guide,competitor-insight-search | competitor-tordon-commercial | competitor-reddit-search,"competitor-insight-search: The live sample surfaced a current Ontario draw-mortgage explainer covering mechanics and holdback risk, competing for informational intent. | competitor-tordon-commercial: The live exact-query sample surfaced an Ontario construction-mortgage page that separates commercial qualification from milestone and inspection mechanics. | competitor-reddit-search: OpenSEO reported Reddit at position eleven for MLI Select and public samples surfaced Toronto suite and construction-finance questions; anecdotes remain qualitative only.",question-construction-draw-verification | question-draw-holdback-cash-flow | question-draw-interest-outstanding-balance | question-draw-deposits-before-installation | question-draw-multiple-projects | question-draw-vs-construction-mortgage,builder-financing-authority-and-ai-citation-node,Draw request and verification diagram | Eligible-cost and deposit matrix | Holdback and cash-flow worksheet | Approved comparison assumptions,claim-drawflow-on-demand-line | claim-drawflow-fifty-percent,site-construction-draw-financing,70,47,medium,high,Approve the draw-process evidence model and require product and legal review.,source-public-serp-draw | source-official-canada-guaranty-draws | source-official-ontario-construction-act
opportunity-stalled-project-rescue,Stalled construction and lender-replacement financing,/construction-draw-financing,,consolidate,resource,bank-declined-viable-project-borrower,,tier-1,rescue-refinance-lender-replacement,buying-signal,immediate-transaction-problem,rescue-refinance-lender-replacement,transactional,submit-project-review,cluster-stalled-project-rescue,"Viable Ontario project with documented completion status | Current lender, title, liens, payables, cost-to-complete, appraisal, borrower equity, liquidity gap, schedule, and exit evidence | Acceptance of enhanced legal, valuation, and underwriting review",source-official-ontario-construction-act | source-qualitative-construction-funding-ontario,competitor-construction-funding-commercial,"competitor-construction-funding-commercial: The competitor targets builders, owners, broker referrals, stopped draws, unfinished builds, and lender replacement; its performance claims remain unverified.",question-rescue-stopped-draws | question-rescue-partial-project-refinance,deferred-distressed-project-qualification-module,Approved rescue-underwriting policy | Cost-to-complete and lien checklist | Qualified completion cases | Legal and compliance approval,claim-one-stop-end-to-end,site-construction-draw-financing | site-private-mortgage-financing,65,32,low,defer,"Keep this as a deferred research and qualification module with no standalone URL; reconsider only after direct demand, underwriting policy, and qualifying case evidence are supplied.",source-qualitative-construction-funding-ontario | source-qualitative-cedar-faq
opportunity-partner-referrals,"Mortgage-broker, realtor, and professional project referrals",/partners,https://www.fairlend.ca/partners,replace,partner-page,mortgage-broker-referral-partner,,tier-2,b2b-referral,buying-signal,financing-qualification,property-identification-acquisition | feasibility-capital-takeout-planning | pre-construction-readiness,transactional,refer-discuss-project,cluster-mortgage-realtor-referral | cluster-professional-delivery-partners,"Referring partner has borrower consent | Project is acquisition, construction, five-plus multiplex, bank-declined, or otherwise within the approved matrix | Builder borrowers seeking their own debt route to builder financing rather than referrals",source-official-fsra-referrals | source-official-reco-financial-benefits | source-public-serp-partners,competitor-fsra-authority | competitor-lendsimpl-search | competitor-first-source-commercial,"competitor-fsra-authority: FSRA controls Ontario mortgage-referral, compensation, disclosure, consent, and co-brokering terminology. | competitor-lendsimpl-search: The exact-audience search result demonstrates a dedicated Toronto realtor-partner page and associated partner-resource pattern. | competitor-first-source-commercial: The Ontario lender explicitly addresses brokers, advisers, builders, and developers, showing a combined professional-partner and project-finance acquisition model.",question-partner-simple-referral | question-partner-realtor-disclosure | question-partner-projects-to-refer | question-partner-status-updates | question-partner-builder-borrower-routing | question-partner-professional-packet | question-partner-bank-declined-triage,partner-conversion-and-role-routing-node,"Approved referral policy | Borrower-versus-partner routing matrix | Consent and status-update workflow | Partner-role, compensation, and disclosure approval",claim-referral-compensation-disclosure | claim-one-stop-end-to-end,site-partners | site-borrowers | site-construction-draw-financing,57,39,medium,high,Approve the audience and role-routing model; treat the page as authority-led because exact volume is unmeasured.,source-public-serp-partners | source-official-fsra-referrals | source-search-lendsimpl-realtors | source-user-positioning
opportunity-partner-readiness-resource,Partner project-readiness and referral intake resource,/partners,,consolidate,resource,professional-referral-partner,,tier-2,b2b-referral,research,planning-comparison,property-identification-acquisition | pre-construction-readiness,informational,refer-discuss-project,cluster-professional-delivery-partners,Named professional role | Borrower consent | Project facts and role-specific documents within the approved intake standard,source-official-fsra-referrals | source-official-toronto-multiplex-guide,competitor-fsra-authority | competitor-first-source-commercial,"competitor-fsra-authority: FSRA controls Ontario mortgage-referral, compensation, disclosure, consent, and co-brokering terminology. | competitor-first-source-commercial: The Ontario lender explicitly addresses brokers, advisers, builders, and developers, showing a combined professional-partner and project-finance acquisition model.",question-partner-builder-borrower-routing | question-partner-professional-packet | question-partner-bank-declined-triage,partner-authority-and-intake-support-node,Role-specific intake checklist | Project eligibility matrix | Consent and document-sharing policy | Status-update service standard,claim-referral-compensation-disclosure,site-partners,57,38,medium,low,Keep this as a readiness module inside the partner page unless exact-audience SERP evidence validates a distinct resource URL.,source-official-fsra-referrals | source-official-toronto-multiplex-guide | source-reddit-gta-renovation-financing
