id,keyword,clusterId,clusterName,priority,funnelStage,providerIntent,searchVolume,keywordDifficulty,cpc,competition,metricsStatus,opportunityScore,scoreRationale,serpValidation,proposedPageType,sourceSeeds,sourceFiles
keyword-toronto-building-permit,toronto building permit,municipal-permits-zoning,"Toronto/GTA permits, zoning, and development-application navigation",P1,awareness-research,informational,2400,2,8.82,0.1,numeric-discovery-metric,100,demand:25; attainability:25; local:15; asset-fit:15; funnel:12; strategic:13,candidate-needs-live-serp,Municipal source navigator + step-by-step readiness checklist,multiplex development feasibility Toronto,01-multiplex-feasibility.json | 07-exact-longtail-metrics.json
keyword-toronto-zoning,toronto zoning,municipal-permits-zoning,"Toronto/GTA permits, zoning, and development-application navigation",P1,awareness-research,informational,1600,0,19.14,0.01,numeric-discovery-metric,100,demand:25; attainability:25; local:15; asset-fit:15; funnel:12; strategic:13,candidate-needs-live-serp,Municipal source navigator + step-by-step readiness checklist,multiplex development feasibility Toronto,01-multiplex-feasibility.json | 07-exact-longtail-metrics.json
keyword-toronto-zoning-bylaw,toronto zoning bylaw,municipal-permits-zoning,"Toronto/GTA permits, zoning, and development-application navigation",P1,awareness-research,informational,1600,0,0.42,0,numeric-discovery-metric,100,demand:25; attainability:25; local:15; asset-fit:15; funnel:12; strategic:13,candidate-needs-live-serp,Municipal source navigator + step-by-step readiness checklist,multiplex development feasibility Toronto,01-multiplex-feasibility.json | 07-exact-longtail-metrics.json
keyword-development-applications-toronto,development applications toronto,municipal-permits-zoning,"Toronto/GTA permits, zoning, and development-application navigation",P1,awareness-research,informational,1900,0,8.18,0.01,numeric-discovery-metric,99,demand:25; attainability:25; local:15; asset-fit:9; funnel:12; strategic:13,candidate-needs-live-serp,Municipal source navigator + step-by-step readiness checklist,multiplex development feasibility Toronto,01-multiplex-feasibility.json | 07-exact-longtail-metrics.json
keyword-garden-suites-toronto,garden suites toronto,garden-suite-cost-feasibility,"Garden-suite cost, feasibility, permits, rent, and ROI",P1,feasibility-consideration,commercial,590,5,1.74,0.22,numeric-discovery-metric,97,demand:23; attainability:25; local:15; asset-fit:9; funnel:12; strategic:13,cluster-live-serp-observed,Local feasibility guide + cost model + permit/source navigator,garden suite permit Toronto,04-garden-suite-permits.json
keyword-toronto-garden-suites,toronto garden suites,garden-suite-cost-feasibility,"Garden-suite cost, feasibility, permits, rent, and ROI",P1,feasibility-consideration,commercial,210,5,3.35,0.22,numeric-discovery-metric,94,demand:20; attainability:25; local:15; asset-fit:9; funnel:12; strategic:13,cluster-live-serp-observed,Local feasibility guide + cost model + permit/source navigator,garden suite permit Toronto,04-garden-suite-permits.json
keyword-construction-loans-canada,construction loans canada,construction-financing-readiness,Construction-financing requirements and process,P2,feasibility-consideration,commercial,140,0,8.6,0.56,numeric-discovery-metric,91,demand:20; attainability:25; local:15; asset-fit:9; funnel:12; strategic:10,candidate-needs-live-serp,Requirements guide + budget/document checklist + financing process map,construction financing requirements Ontario,05-construction-financing-requirements.json
keyword-construction-loans-in-canada,construction loans in canada,construction-financing-readiness,Construction-financing requirements and process,P2,feasibility-consideration,commercial,140,0,8.6,0.56,numeric-discovery-metric,91,demand:20; attainability:25; local:15; asset-fit:9; funnel:12; strategic:10,candidate-needs-live-serp,Requirements guide + budget/document checklist + financing process map,construction financing requirements Ontario,05-construction-financing-requirements.json
keyword-garden-suite-mississauga,garden suite mississauga,garden-suite-cost-feasibility,"Garden-suite cost, feasibility, permits, rent, and ROI",P1,feasibility-consideration,navigational,90,0,2.15,0.24,numeric-discovery-metric,90,demand:16; attainability:25; local:15; asset-fit:9; funnel:12; strategic:13,cluster-live-serp-observed,Local feasibility guide + cost model + permit/source navigator,garden suite permit Toronto,04-garden-suite-permits.json | 07-exact-longtail-metrics.json
keyword-garden-suites-ontario,garden suites ontario,garden-suite-cost-feasibility,"Garden-suite cost, feasibility, permits, rent, and ROI",P1,feasibility-consideration,commercial,50,0,1.41,0.23,numeric-discovery-metric,90,demand:16; attainability:25; local:15; asset-fit:9; funnel:12; strategic:13,cluster-live-serp-observed,Local feasibility guide + cost model + permit/source navigator,garden suite permit Toronto,04-garden-suite-permits.json | 07-exact-longtail-metrics.json
keyword-construction-loan-toronto,construction loan toronto,construction-financing-readiness,Construction-financing requirements and process,P2,feasibility-consideration,commercial,90,0,3.87,0.71,numeric-discovery-metric,87,demand:16; attainability:25; local:15; asset-fit:9; funnel:12; strategic:10,candidate-needs-live-serp,Requirements guide + budget/document checklist + financing process map,construction financing requirements Ontario,05-construction-financing-requirements.json
keyword-construction-loans-toronto,construction loans toronto,construction-financing-readiness,Construction-financing requirements and process,P2,feasibility-consideration,commercial,90,0,3.87,0.71,numeric-discovery-metric,87,demand:16; attainability:25; local:15; asset-fit:9; funnel:12; strategic:10,candidate-needs-live-serp,Requirements guide + budget/document checklist + financing process map,construction financing requirements Ontario,05-construction-financing-requirements.json
keyword-canadian-construction-loans,canadian construction loans,construction-financing-readiness,Construction-financing requirements and process,P2,feasibility-consideration,commercial,140,2,8.6,0.56,numeric-discovery-metric,83,demand:20; attainability:25; local:7; asset-fit:9; funnel:12; strategic:10,candidate-needs-live-serp,Requirements guide + budget/document checklist + financing process map,construction financing requirements Ontario,05-construction-financing-requirements.json
keyword-commercial-construction-loan,commercial construction loan,construction-financing-readiness,Construction-financing requirements and process,P2,feasibility-consideration,commercial,110,0,9.92,0.53,numeric-discovery-metric,83,demand:20; attainability:25; local:7; asset-fit:9; funnel:12; strategic:10,candidate-needs-live-serp,Requirements guide + budget/document checklist + financing process map,construction financing requirements Ontario,05-construction-financing-requirements.json
keyword-construction-financing-canada,construction financing canada,construction-financing-readiness,Construction-financing requirements and process,P2,feasibility-consideration,commercial,140,17,8.6,0.56,numeric-discovery-metric,80,demand:20; attainability:14; local:15; asset-fit:9; funnel:12; strategic:10,candidate-needs-live-serp,Requirements guide + budget/document checklist + financing process map,construction financing requirements Ontario,05-construction-financing-requirements.json
keyword-new-construction-financing,new construction financing,construction-financing-readiness,Construction-financing requirements and process,P2,feasibility-consideration,commercial,50,8,8.1,0.18,numeric-discovery-metric,74,demand:16; attainability:20; local:7; asset-fit:9; funnel:12; strategic:10,candidate-needs-live-serp,Requirements guide + budget/document checklist + financing process map,construction financing requirements Ontario,05-construction-financing-requirements.json
keyword-garden-suite-cost-toronto,garden suite cost toronto,garden-suite-cost-feasibility,"Garden-suite cost, feasibility, permits, rent, and ROI",P1,awareness-research,commercial,20,,,0.29,numeric-discovery-metric,73,demand:12; attainability:6; local:15; asset-fit:15; funnel:12; strategic:13,cluster-live-serp-observed,Local feasibility guide + cost model + permit/source navigator,garden suite cost Toronto,03-garden-suite-cost.json | 07-exact-longtail-metrics.json
keyword-toronto-garden-suite-bylaw,toronto garden suite bylaw,garden-suite-cost-feasibility,"Garden-suite cost, feasibility, permits, rent, and ROI",P1,awareness-research,informational,20,,,0.02,numeric-discovery-metric,73,demand:12; attainability:6; local:15; asset-fit:15; funnel:12; strategic:13,cluster-live-serp-observed,Local feasibility guide + cost model + permit/source navigator,garden suite permit Toronto,04-garden-suite-permits.json | 07-exact-longtail-metrics.json
keyword-cost-of-garden-suite-toronto,cost of garden suite toronto,garden-suite-cost-feasibility,"Garden-suite cost, feasibility, permits, rent, and ROI",P1,awareness-research,commercial,10,,0.57,0.38,numeric-discovery-metric,69,demand:8; attainability:6; local:15; asset-fit:15; funnel:12; strategic:13,cluster-live-serp-observed,Local feasibility guide + cost model + permit/source navigator,garden suite cost Toronto,03-garden-suite-cost.json | 07-exact-longtail-metrics.json
keyword-can-i-build-a-garden-suite-in-toronto,can i build a garden suite in toronto,garden-suite-cost-feasibility,"Garden-suite cost, feasibility, permits, rent, and ROI",P1,awareness-research,,,,,,exact-request-returned-no-row,66,demand:5; attainability:6; local:15; asset-fit:15; funnel:12; strategic:13,cluster-live-serp-observed,Local feasibility guide + cost model + permit/source navigator,,
keyword-garden-suite-calculator-toronto,garden suite calculator toronto,garden-suite-cost-feasibility,"Garden-suite cost, feasibility, permits, rent, and ROI",P1,awareness-research,,,,,,exact-request-returned-no-row,66,demand:5; attainability:6; local:15; asset-fit:15; funnel:12; strategic:13,cluster-live-serp-observed,Local feasibility guide + cost model + permit/source navigator,,
keyword-garden-suite-permit-requirements-toronto,garden suite permit requirements toronto,garden-suite-cost-feasibility,"Garden-suite cost, feasibility, permits, rent, and ROI",P1,awareness-research,,,,,,exact-request-returned-no-row,66,demand:5; attainability:6; local:15; asset-fit:15; funnel:12; strategic:13,cluster-live-serp-observed,Local feasibility guide + cost model + permit/source navigator,,
keyword-garden-suite-permit-toronto,garden suite permit toronto,garden-suite-cost-feasibility,"Garden-suite cost, feasibility, permits, rent, and ROI",P1,awareness-research,,,,,,exact-request-returned-no-row,66,demand:5; attainability:6; local:15; asset-fit:15; funnel:12; strategic:13,cluster-live-serp-observed,Local feasibility guide + cost model + permit/source navigator,,
keyword-garden-suite-zoning-toronto,garden suite zoning toronto,garden-suite-cost-feasibility,"Garden-suite cost, feasibility, permits, rent, and ROI",P1,awareness-research,,,,,,exact-request-returned-no-row,66,demand:5; attainability:6; local:15; asset-fit:15; funnel:12; strategic:13,cluster-live-serp-observed,Local feasibility guide + cost model + permit/source navigator,,
keyword-how-much-does-a-garden-suite-cost-in-toronto,how much does a garden suite cost in toronto,garden-suite-cost-feasibility,"Garden-suite cost, feasibility, permits, rent, and ROI",P1,awareness-research,,,,,,exact-request-returned-no-row,66,demand:5; attainability:6; local:15; asset-fit:15; funnel:12; strategic:13,cluster-live-serp-observed,Local feasibility guide + cost model + permit/source navigator,,
keyword-multiplex-building-permit-toronto,multiplex building permit toronto,municipal-permits-zoning,"Toronto/GTA permits, zoning, and development-application navigation",P1,awareness-research,,,,,,exact-request-returned-no-row,66,demand:5; attainability:6; local:15; asset-fit:15; funnel:12; strategic:13,candidate-needs-live-serp,Municipal source navigator + step-by-step readiness checklist,,
keyword-multiplex-zoning-toronto,multiplex zoning toronto,municipal-permits-zoning,"Toronto/GTA permits, zoning, and development-application navigation",P1,awareness-research,,,,,,exact-request-returned-no-row,66,demand:5; attainability:6; local:15; asset-fit:15; funnel:12; strategic:13,candidate-needs-live-serp,Municipal source navigator + step-by-step readiness checklist,,
keyword-toronto-garden-suite-permit-cost,toronto garden suite permit cost,garden-suite-cost-feasibility,"Garden-suite cost, feasibility, permits, rent, and ROI",P1,awareness-research,,,,,,exact-request-returned-no-row,66,demand:5; attainability:6; local:15; asset-fit:15; funnel:12; strategic:13,cluster-live-serp-observed,Local feasibility guide + cost model + permit/source navigator,,
keyword-toronto-multiplex-zoning,toronto multiplex zoning,municipal-permits-zoning,"Toronto/GTA permits, zoning, and development-application navigation",P1,awareness-research,,,,,0,exact-row-returned-volume-unavailable,66,demand:5; attainability:6; local:15; asset-fit:15; funnel:12; strategic:13,candidate-needs-live-serp,Municipal source navigator + step-by-step readiness checklist,,07-exact-longtail-metrics.json
keyword-cmhc-mli-select-requirements,cmhc mli select requirements,mli-select-requirements,"MLI Select requirements, scoring, and takeout readiness",P1,awareness-research,commercial,30,,,0,numeric-discovery-metric,65,demand:12; attainability:6; local:7; asset-fit:15; funnel:12; strategic:13,cluster-live-serp-observed,Primary-source-backed program guide + eligibility checklist + scenario calculator,MLI Select requirements,02-mli-requirements.json | 07-exact-longtail-metrics.json
keyword-mli-select-requirements,mli select requirements,mli-select-requirements,"MLI Select requirements, scoring, and takeout readiness",P1,awareness-research,informational,20,,,0.02,numeric-discovery-metric,65,demand:12; attainability:6; local:7; asset-fit:15; funnel:12; strategic:13,cluster-live-serp-observed,Primary-source-backed program guide + eligibility checklist + scenario calculator,MLI Select requirements,02-mli-requirements.json | 07-exact-longtail-metrics.json
keyword-construction-loan-draw-schedule,construction loan draw schedule,draw-schedule-cash-flow,"Construction draw schedules, cash-flow gaps, and DrawFlow",P1,awareness-research,informational,10,40,,0.02,numeric-discovery-metric,63,demand:8; attainability:8; local:7; asset-fit:15; funnel:12; strategic:13,cluster-live-serp-observed,Explainer + worked schedule + downloadable template + comparison + video,construction loan draw schedule,06-construction-draw-schedule.json | 07-exact-longtail-metrics.json
keyword-can-i-build-a-multiplex-in-toronto,can i build a multiplex in toronto,multiplex-feasibility,"Multiplex feasibility, conversion, and 5+ unit boundary",P2,awareness-research,,,,,,exact-request-returned-no-row,63,demand:5; attainability:6; local:15; asset-fit:15; funnel:12; strategic:10,candidate-needs-live-serp,Feasibility guide + property-screening checklist + 2–4 versus 5+ decision tree,,
keyword-construction-financing-process-canada,construction financing process canada,construction-financing-readiness,Construction-financing requirements and process,P2,awareness-research,,,,,,exact-request-returned-no-row,63,demand:5; attainability:6; local:15; asset-fit:15; funnel:12; strategic:10,candidate-needs-live-serp,Requirements guide + budget/document checklist + financing process map,,
keyword-construction-financing-requirements-ontario,construction financing requirements ontario,construction-financing-readiness,Construction-financing requirements and process,P2,awareness-research,,,,,,exact-request-returned-no-row,63,demand:5; attainability:6; local:15; asset-fit:15; funnel:12; strategic:10,candidate-needs-live-serp,Requirements guide + budget/document checklist + financing process map,,
keyword-construction-loan-equity-requirements-canada,construction loan equity requirements canada,construction-financing-readiness,Construction-financing requirements and process,P2,awareness-research,,,,,,exact-request-returned-no-row,63,demand:5; attainability:6; local:15; asset-fit:15; funnel:12; strategic:10,candidate-needs-live-serp,Requirements guide + budget/document checklist + financing process map,,
keyword-construction-loan-requirements-canada,construction loan requirements canada,construction-financing-readiness,Construction-financing requirements and process,P2,awareness-research,,,,,,exact-request-returned-no-row,63,demand:5; attainability:6; local:15; asset-fit:15; funnel:12; strategic:10,candidate-needs-live-serp,Requirements guide + budget/document checklist + financing process map,,
keyword-cost-to-build-5-unit-multiplex-toronto,cost to build 5 unit multiplex toronto,multiplex-feasibility,"Multiplex feasibility, conversion, and 5+ unit boundary",P2,awareness-research,,,,,,exact-request-returned-no-row,63,demand:5; attainability:6; local:15; asset-fit:15; funnel:12; strategic:10,candidate-needs-live-serp,Feasibility guide + property-screening checklist + 2–4 versus 5+ decision tree,,
keyword-cost-to-build-6-plex-toronto,cost to build 6 plex toronto,multiplex-feasibility,"Multiplex feasibility, conversion, and 5+ unit boundary",P2,awareness-research,,,,,,exact-request-returned-no-row,63,demand:5; attainability:6; local:15; asset-fit:15; funnel:12; strategic:10,candidate-needs-live-serp,Feasibility guide + property-screening checklist + 2–4 versus 5+ decision tree,,
keyword-how-does-construction-financing-work-in-ontario,how does construction financing work in ontario,construction-financing-readiness,Construction-financing requirements and process,P2,awareness-research,,,,,,exact-request-returned-no-row,63,demand:5; attainability:6; local:15; asset-fit:15; funnel:12; strategic:10,candidate-needs-live-serp,Requirements guide + budget/document checklist + financing process map,,
keyword-how-to-build-a-multiplex-in-toronto,how to build a multiplex in toronto,multiplex-feasibility,"Multiplex feasibility, conversion, and 5+ unit boundary",P2,awareness-research,,,,,,exact-request-returned-no-row,63,demand:5; attainability:6; local:15; asset-fit:15; funnel:12; strategic:10,candidate-needs-live-serp,Feasibility guide + property-screening checklist + 2–4 versus 5+ decision tree,,
keyword-multiplex-development-cost-toronto,multiplex development cost toronto,multiplex-feasibility,"Multiplex feasibility, conversion, and 5+ unit boundary",P2,awareness-research,,,,,,exact-request-returned-no-row,63,demand:5; attainability:6; local:15; asset-fit:15; funnel:12; strategic:10,candidate-needs-live-serp,Feasibility guide + property-screening checklist + 2–4 versus 5+ decision tree,,
keyword-multiplex-development-feasibility-toronto,multiplex development feasibility toronto,multiplex-feasibility,"Multiplex feasibility, conversion, and 5+ unit boundary",P2,awareness-research,,,,,,exact-request-returned-no-row,63,demand:5; attainability:6; local:15; asset-fit:15; funnel:12; strategic:10,candidate-needs-live-serp,Feasibility guide + property-screening checklist + 2–4 versus 5+ decision tree,,
keyword-multiplex-feasibility-study-toronto,multiplex feasibility study toronto,multiplex-feasibility,"Multiplex feasibility, conversion, and 5+ unit boundary",P2,awareness-research,,,,,,exact-request-returned-no-row,63,demand:5; attainability:6; local:15; asset-fit:15; funnel:12; strategic:10,candidate-needs-live-serp,Feasibility guide + property-screening checklist + 2–4 versus 5+ decision tree,,
keyword-toronto-multiplex-permit,toronto multiplex permit,multiplex-feasibility,"Multiplex feasibility, conversion, and 5+ unit boundary",P2,awareness-research,,,,,,exact-request-returned-no-row,63,demand:5; attainability:6; local:15; asset-fit:15; funnel:12; strategic:10,candidate-needs-live-serp,Feasibility guide + property-screening checklist + 2–4 versus 5+ decision tree,,
keyword-commercial-construction-loan-draw-schedule,commercial construction loan draw schedule,draw-schedule-cash-flow,"Construction draw schedules, cash-flow gaps, and DrawFlow",P1,awareness-research,informational,10,,,,numeric-discovery-metric,61,demand:8; attainability:6; local:7; asset-fit:15; funnel:12; strategic:13,cluster-live-serp-observed,Explainer + worked schedule + downloadable template + comparison + video,construction loan draw schedule,06-construction-draw-schedule.json | 07-exact-longtail-metrics.json
keyword-construction-loan-draw-schedule-excel,construction loan draw schedule excel,draw-schedule-cash-flow,"Construction draw schedules, cash-flow gaps, and DrawFlow",P1,awareness-research,transactional,10,,,,numeric-discovery-metric,61,demand:8; attainability:6; local:7; asset-fit:15; funnel:12; strategic:13,cluster-live-serp-observed,Explainer + worked schedule + downloadable template + comparison + video,construction loan draw schedule,06-construction-draw-schedule.json | 07-exact-longtail-metrics.json
keyword-construction-loan-draw-schedule-template,construction loan draw schedule template,draw-schedule-cash-flow,"Construction draw schedules, cash-flow gaps, and DrawFlow",P1,awareness-research,informational,10,,,0,numeric-discovery-metric,61,demand:8; attainability:6; local:7; asset-fit:15; funnel:12; strategic:13,cluster-live-serp-observed,Explainer + worked schedule + downloadable template + comparison + video,construction loan draw schedule,06-construction-draw-schedule.json | 07-exact-longtail-metrics.json
keyword-construction-loan-draw-schedule-template-excel,construction loan draw schedule template excel,draw-schedule-cash-flow,"Construction draw schedules, cash-flow gaps, and DrawFlow",P1,awareness-research,informational,10,,,,numeric-discovery-metric,61,demand:8; attainability:6; local:7; asset-fit:15; funnel:12; strategic:13,cluster-live-serp-observed,Explainer + worked schedule + downloadable template + comparison + video,construction loan draw schedule,06-construction-draw-schedule.json
keyword-accessory-dwelling-unit-ontario,accessory dwelling unit ontario,garden-suite-cost-feasibility,"Garden-suite cost, feasibility, permits, rent, and ROI",P1,feasibility-consideration,,,,1.97,0.37,exact-row-returned-volume-unavailable,60,demand:5; attainability:6; local:15; asset-fit:9; funnel:12; strategic:13,cluster-live-serp-observed,Local feasibility guide + cost model + permit/source navigator,,07-exact-longtail-metrics.json
keyword-construction-draw-inspection-ontario,construction draw inspection ontario,draw-schedule-cash-flow,"Construction draw schedules, cash-flow gaps, and DrawFlow",P1,feasibility-consideration,,,,,,exact-request-returned-no-row,60,demand:5; attainability:6; local:15; asset-fit:9; funnel:12; strategic:13,cluster-live-serp-observed,Explainer + worked schedule + downloadable template + comparison + video,,
keyword-garden-suite-canada,garden suite canada,garden-suite-cost-feasibility,"Garden-suite cost, feasibility, permits, rent, and ROI",P1,feasibility-consideration,commercial,,,,,volume-unavailable,60,demand:5; attainability:6; local:15; asset-fit:9; funnel:12; strategic:13,cluster-live-serp-observed,Local feasibility guide + cost model + permit/source navigator,garden suite permit Toronto,04-garden-suite-permits.json
keyword-garden-suite-rental-income-toronto,garden suite rental income toronto,garden-suite-cost-feasibility,"Garden-suite cost, feasibility, permits, rent, and ROI",P1,feasibility-consideration,,,,,,exact-request-returned-no-row,60,demand:5; attainability:6; local:15; asset-fit:9; funnel:12; strategic:13,cluster-live-serp-observed,Local feasibility guide + cost model + permit/source navigator,,
keyword-garden-suite-return-on-investment-toronto,garden suite return on investment toronto,garden-suite-cost-feasibility,"Garden-suite cost, feasibility, permits, rent, and ROI",P1,feasibility-consideration,,,,,,exact-request-returned-no-row,60,demand:5; attainability:6; local:15; asset-fit:9; funnel:12; strategic:13,cluster-live-serp-observed,Local feasibility guide + cost model + permit/source navigator,,
keyword-garden-suite-size-limit-toronto,garden suite size limit toronto,garden-suite-cost-feasibility,"Garden-suite cost, feasibility, permits, rent, and ROI",P1,awareness-research,,,,,,exact-request-returned-no-row,60,demand:5; attainability:6; local:15; asset-fit:9; funnel:12; strategic:13,cluster-live-serp-observed,Local feasibility guide + cost model + permit/source navigator,,
keyword-garden-suite-vs-laneway-suite-toronto,garden suite vs laneway suite toronto,garden-suite-cost-feasibility,"Garden-suite cost, feasibility, permits, rent, and ROI",P1,feasibility-consideration,,,,,,exact-request-returned-no-row,60,demand:5; attainability:6; local:15; asset-fit:9; funnel:12; strategic:13,cluster-live-serp-observed,Local feasibility guide + cost model + permit/source navigator,,
keyword-progress-draw-mortgage-ontario,progress draw mortgage ontario,draw-schedule-cash-flow,"Construction draw schedules, cash-flow gaps, and DrawFlow",P1,feasibility-consideration,,,,,,exact-row-returned-volume-unavailable,60,demand:5; attainability:6; local:15; asset-fit:9; funnel:12; strategic:13,cluster-live-serp-observed,Explainer + worked schedule + downloadable template + comparison + video,,07-exact-longtail-metrics.json
keyword-cmhc-mli-standard,cmhc mli standard,mli-select-requirements,"MLI Select requirements, scoring, and takeout readiness",P1,feasibility-consideration,informational,30,,0.01,0.02,numeric-discovery-metric,59,demand:12; attainability:6; local:7; asset-fit:9; funnel:12; strategic:13,cluster-live-serp-observed,Primary-source-backed program guide + eligibility checklist + scenario calculator,MLI Select requirements,02-mli-requirements.json
keyword-construction-loan-lender,construction loan lender,construction-financing-readiness,Construction-financing requirements and process,P2,buying-signal,commercial,50,,11.5,0.08,numeric-discovery-metric,58,demand:16; attainability:6; local:7; asset-fit:9; funnel:10; strategic:10,candidate-needs-live-serp,Requirements guide + budget/document checklist + financing process map,construction financing requirements Ontario,05-construction-financing-requirements.json
keyword-construction-financing-companies,construction financing companies,construction-financing-readiness,Construction-financing requirements and process,P2,buying-signal,commercial,10,22,,1,numeric-discovery-metric,58,demand:8; attainability:14; local:7; asset-fit:9; funnel:10; strategic:10,candidate-needs-live-serp,Requirements guide + budget/document checklist + financing process map,construction financing requirements Ontario,05-construction-financing-requirements.json
keyword-construction-loan-draw-schedule-spreadsheet,construction loan draw schedule spreadsheet,draw-schedule-cash-flow,"Construction draw schedules, cash-flow gaps, and DrawFlow",P1,awareness-research,navigational,10,47,,,numeric-discovery-metric,58,demand:8; attainability:3; local:7; asset-fit:15; funnel:12; strategic:13,cluster-live-serp-observed,Explainer + worked schedule + downloadable template + comparison + video,construction loan draw schedule,06-construction-draw-schedule.json
keyword-new-construction-financing-process,new construction financing process,construction-financing-readiness,Construction-financing requirements and process,P2,awareness-research,commercial,10,,,,numeric-discovery-metric,58,demand:8; attainability:6; local:7; asset-fit:15; funnel:12; strategic:10,candidate-needs-live-serp,Requirements guide + budget/document checklist + financing process map,construction financing requirements Ontario,05-construction-financing-requirements.json
keyword-cmhc-mli-select-calculator,cmhc mli select calculator,mli-select-requirements,"MLI Select requirements, scoring, and takeout readiness",P1,awareness-research,,,,,0.03,exact-row-returned-volume-unavailable,58,demand:5; attainability:6; local:7; asset-fit:15; funnel:12; strategic:13,cluster-live-serp-observed,Primary-source-backed program guide + eligibility checklist + scenario calculator,,07-exact-longtail-metrics.json
keyword-garden-suite-budget-template,garden suite budget template,garden-suite-cost-feasibility,"Garden-suite cost, feasibility, permits, rent, and ROI",P1,awareness-research,,,,,,exact-request-returned-no-row,58,demand:5; attainability:6; local:7; asset-fit:15; funnel:12; strategic:13,cluster-live-serp-observed,Local feasibility guide + cost model + permit/source navigator,,
keyword-garden-suite-builder-toronto,garden suite builder toronto,garden-suite-cost-feasibility,"Garden-suite cost, feasibility, permits, rent, and ROI",P1,buying-signal,,,,,,exact-request-returned-no-row,58,demand:5; attainability:6; local:15; asset-fit:9; funnel:10; strategic:13,cluster-live-serp-observed,Local feasibility guide + cost model + permit/source navigator,,
keyword-garden-suite-financing-calculator,garden suite financing calculator,garden-suite-cost-feasibility,"Garden-suite cost, feasibility, permits, rent, and ROI",P1,awareness-research,,,,,,exact-request-returned-no-row,58,demand:5; attainability:6; local:7; asset-fit:15; funnel:12; strategic:13,cluster-live-serp-observed,Local feasibility guide + cost model + permit/source navigator,,
keyword-mli-select-accessibility-requirements,mli select accessibility requirements,mli-select-requirements,"MLI Select requirements, scoring, and takeout readiness",P1,awareness-research,,,,,,exact-request-returned-no-row,58,demand:5; attainability:6; local:7; asset-fit:15; funnel:12; strategic:13,cluster-live-serp-observed,Primary-source-backed program guide + eligibility checklist + scenario calculator,,
keyword-mli-select-affordability-requirements,mli select affordability requirements,mli-select-requirements,"MLI Select requirements, scoring, and takeout readiness",P1,awareness-research,,,,,,exact-request-returned-no-row,58,demand:5; attainability:6; local:7; asset-fit:15; funnel:12; strategic:13,cluster-live-serp-observed,Primary-source-backed program guide + eligibility checklist + scenario calculator,,
keyword-mli-select-application-checklist,mli select application checklist,mli-select-requirements,"MLI Select requirements, scoring, and takeout readiness",P1,awareness-research,,,,,,exact-request-returned-no-row,58,demand:5; attainability:6; local:7; asset-fit:15; funnel:12; strategic:13,cluster-live-serp-observed,Primary-source-backed program guide + eligibility checklist + scenario calculator,,
keyword-mli-select-energy-requirements,mli select energy requirements,mli-select-requirements,"MLI Select requirements, scoring, and takeout readiness",P1,awareness-research,,,,,,exact-request-returned-no-row,58,demand:5; attainability:6; local:7; asset-fit:15; funnel:12; strategic:13,cluster-live-serp-observed,Primary-source-backed program guide + eligibility checklist + scenario calculator,,
keyword-mli-select-points-calculator,mli select points calculator,mli-select-requirements,"MLI Select requirements, scoring, and takeout readiness",P1,awareness-research,,,,,,exact-request-returned-no-row,58,demand:5; attainability:6; local:7; asset-fit:15; funnel:12; strategic:13,cluster-live-serp-observed,Primary-source-backed program guide + eligibility checklist + scenario calculator,,
keyword-builder-line-of-credit-ontario,builder line of credit ontario,builder-capital-readiness,Builder working capital and project-readiness,P2,feasibility-consideration,,,,,,exact-request-returned-no-row,57,demand:5; attainability:6; local:15; asset-fit:9; funnel:12; strategic:10,candidate-needs-live-serp,Builder-readiness guide + document checklist + qualification pathway,,
keyword-construction-loan-down-payment-ontario,construction loan down payment ontario,construction-financing-readiness,Construction-financing requirements and process,P2,feasibility-consideration,,,,,,exact-request-returned-no-row,57,demand:5; attainability:6; local:15; asset-fit:9; funnel:12; strategic:10,candidate-needs-live-serp,Requirements guide + budget/document checklist + financing process map,,
keyword-construction-to-permanent-loan-canada,construction to permanent loan canada,rental-conversion-takeout,"Rental conversion, stabilization, and construction-to-takeout planning",P2,feasibility-consideration,,,,4.77,0.62,exact-row-returned-volume-unavailable,57,demand:5; attainability:6; local:15; asset-fit:9; funnel:12; strategic:10,candidate-needs-live-serp,End-to-end conversion and takeout roadmap,,07-exact-longtail-metrics.json
keyword-convert-house-to-multiplex-toronto,convert house to multiplex toronto,multiplex-feasibility,"Multiplex feasibility, conversion, and 5+ unit boundary",P2,awareness-research,,,,,,exact-request-returned-no-row,57,demand:5; attainability:6; local:15; asset-fit:9; funnel:12; strategic:10,candidate-needs-live-serp,Feasibility guide + property-screening checklist + 2–4 versus 5+ decision tree,,
keyword-missing-middle-housing-toronto,missing middle housing toronto,multiplex-feasibility,"Multiplex feasibility, conversion, and 5+ unit boundary",P2,awareness-research,,,,,0,exact-row-returned-volume-unavailable,57,demand:5; attainability:6; local:15; asset-fit:9; funnel:12; strategic:10,candidate-needs-live-serp,Feasibility guide + property-screening checklist + 2–4 versus 5+ decision tree,,07-exact-longtail-metrics.json
keyword-modular-construction-financing-ontario,modular construction financing ontario,modular-prefab-financing,Modular/prefabricated construction financing,P2,feasibility-consideration,,,,,,exact-request-returned-no-row,57,demand:5; attainability:6; local:15; asset-fit:9; funnel:12; strategic:10,candidate-needs-live-serp,Financing-readiness guide for off-site deposits and takeout compatibility,,
keyword-multiplex-renovation-toronto,multiplex renovation toronto,multiplex-feasibility,"Multiplex feasibility, conversion, and 5+ unit boundary",P2,awareness-research,,,,,,exact-request-returned-no-row,57,demand:5; attainability:6; local:15; asset-fit:9; funnel:12; strategic:10,candidate-needs-live-serp,Feasibility guide + property-screening checklist + 2–4 versus 5+ decision tree,,
keyword-single-family-to-multiplex-toronto,single family to multiplex toronto,multiplex-feasibility,"Multiplex feasibility, conversion, and 5+ unit boundary",P2,awareness-research,,,,,,exact-request-returned-no-row,57,demand:5; attainability:6; local:15; asset-fit:9; funnel:12; strategic:10,candidate-needs-live-serp,Feasibility guide + property-screening checklist + 2–4 versus 5+ decision tree,,
keyword-land-and-construction-financing,land and construction financing,construction-financing-readiness,Construction-financing requirements and process,P2,feasibility-consideration,commercial,20,,,0.33,numeric-discovery-metric,56,demand:12; attainability:6; local:7; asset-fit:9; funnel:12; strategic:10,candidate-needs-live-serp,Requirements guide + budget/document checklist + financing process map,construction financing requirements Ontario,05-construction-financing-requirements.json
keyword-td-garden-suite-prices,td garden suite prices,garden-suite-cost-feasibility,"Garden-suite cost, feasibility, permits, rent, and ROI",P1,feasibility-consideration,commercial,10,,,0.29,numeric-discovery-metric,55,demand:8; attainability:6; local:7; asset-fit:9; funnel:12; strategic:13,cluster-live-serp-observed,Local feasibility guide + cost model + permit/source navigator,garden suite cost Toronto,03-garden-suite-cost.json
keyword-construction-financing-for-builders-ontario,construction financing for builders ontario,builder-capital-readiness,Builder working capital and project-readiness,P2,buying-signal,,,,,,exact-request-returned-no-row,55,demand:5; attainability:6; local:15; asset-fit:9; funnel:10; strategic:10,candidate-needs-live-serp,Builder-readiness guide + document checklist + qualification pathway,,
keyword-construction-loan-budget-template,construction loan budget template,construction-financing-readiness,Construction-financing requirements and process,P2,awareness-research,,,,,,exact-row-returned-volume-unavailable,55,demand:5; attainability:6; local:7; asset-fit:15; funnel:12; strategic:10,candidate-needs-live-serp,Requirements guide + budget/document checklist + financing process map,,07-exact-longtail-metrics.json
keyword-construction-loan-cost-to-complete,construction loan cost to complete,construction-financing-readiness,Construction-financing requirements and process,P2,awareness-research,,,,,,exact-request-returned-no-row,55,demand:5; attainability:6; local:7; asset-fit:15; funnel:12; strategic:10,candidate-needs-live-serp,Requirements guide + budget/document checklist + financing process map,,
keyword-construction-loan-document-checklist,construction loan document checklist,construction-financing-readiness,Construction-financing requirements and process,P2,awareness-research,,,,,,exact-request-returned-no-row,55,demand:5; attainability:6; local:7; asset-fit:15; funnel:12; strategic:10,candidate-needs-live-serp,Requirements guide + budget/document checklist + financing process map,,
keyword-construction-loan-liquidity-requirements,construction loan liquidity requirements,construction-financing-readiness,Construction-financing requirements and process,P2,awareness-research,,,,,,exact-request-returned-no-row,55,demand:5; attainability:6; local:7; asset-fit:15; funnel:12; strategic:10,candidate-needs-live-serp,Requirements guide + budget/document checklist + financing process map,,
keyword-construction-loan-soft-costs,construction loan soft costs,construction-financing-readiness,Construction-financing requirements and process,P2,awareness-research,,,,,,exact-row-returned-volume-unavailable,55,demand:5; attainability:6; local:7; asset-fit:15; funnel:12; strategic:10,candidate-needs-live-serp,Requirements guide + budget/document checklist + financing process map,,07-exact-longtail-metrics.json
keyword-how-do-construction-loan-draws-work,how do construction loan draws work,construction-financing-readiness,Construction-financing requirements and process,P2,awareness-research,,,,,,exact-request-returned-no-row,55,demand:5; attainability:6; local:7; asset-fit:15; funnel:12; strategic:10,candidate-needs-live-serp,Requirements guide + budget/document checklist + financing process map,,
keyword-100-construction-financing,100 construction financing,construction-financing-readiness,Construction-financing requirements and process,P2,feasibility-consideration,commercial,10,,11.6,0.86,numeric-discovery-metric,52,demand:8; attainability:6; local:7; asset-fit:9; funnel:12; strategic:10,candidate-needs-live-serp,Requirements guide + budget/document checklist + financing process map,construction financing requirements Ontario,05-construction-financing-requirements.json
keyword-apartment-construction-financing,apartment construction financing,construction-financing-readiness,Construction-financing requirements and process,P2,feasibility-consideration,commercial,10,,,0,numeric-discovery-metric,52,demand:8; attainability:6; local:7; asset-fit:9; funnel:12; strategic:10,candidate-needs-live-serp,Requirements guide + budget/document checklist + financing process map,construction financing requirements Ontario,05-construction-financing-requirements.json | 07-exact-longtail-metrics.json
keyword-builder-financing-construction,builder financing construction,builder-capital-readiness,Builder working capital and project-readiness,P2,feasibility-consideration,commercial,10,,,0.86,numeric-discovery-metric,52,demand:8; attainability:6; local:7; asset-fit:9; funnel:12; strategic:10,candidate-needs-live-serp,Builder-readiness guide + document checklist + qualification pathway,construction financing requirements Ontario,05-construction-financing-requirements.json
keyword-builder-financing-new-construction,builder financing new construction,builder-capital-readiness,Builder working capital and project-readiness,P2,feasibility-consideration,commercial,10,,3.36,0.57,numeric-discovery-metric,52,demand:8; attainability:6; local:7; asset-fit:9; funnel:12; strategic:10,candidate-needs-live-serp,Builder-readiness guide + document checklist + qualification pathway,construction financing requirements Ontario,05-construction-financing-requirements.json
keyword-commercial-construction-financing-options,commercial construction financing options,construction-financing-readiness,Construction-financing requirements and process,P2,feasibility-consideration,commercial,10,,,,numeric-discovery-metric,52,demand:8; attainability:6; local:7; asset-fit:9; funnel:12; strategic:10,candidate-needs-live-serp,Requirements guide + budget/document checklist + financing process map,construction financing requirements Ontario,05-construction-financing-requirements.json
keyword-modular-construction-financing,modular construction financing,modular-prefab-financing,Modular/prefabricated construction financing,P2,feasibility-consideration,commercial,10,,,,numeric-discovery-metric,52,demand:8; attainability:6; local:7; asset-fit:9; funnel:12; strategic:10,candidate-needs-live-serp,Financing-readiness guide for off-site deposits and takeout compatibility,construction financing requirements Ontario,05-construction-financing-requirements.json
keyword-multi-family-construction-financing,multi family construction financing,construction-financing-readiness,Construction-financing requirements and process,P2,feasibility-consideration,commercial,10,,3.47,0.43,numeric-discovery-metric,52,demand:8; attainability:6; local:7; asset-fit:9; funnel:12; strategic:10,candidate-needs-live-serp,Requirements guide + budget/document checklist + financing process map,construction financing requirements Ontario,05-construction-financing-requirements.json | 07-exact-longtail-metrics.json
keyword-new-construction-financing-options,new construction financing options,construction-financing-readiness,Construction-financing requirements and process,P2,feasibility-consideration,commercial,10,,1.3,0.57,numeric-discovery-metric,52,demand:8; attainability:6; local:7; asset-fit:9; funnel:12; strategic:10,candidate-needs-live-serp,Requirements guide + budget/document checklist + financing process map,construction financing requirements Ontario,05-construction-financing-requirements.json
keyword-cmhc-mli-select-fees,cmhc mli select fees,mli-select-requirements,"MLI Select requirements, scoring, and takeout readiness",P1,feasibility-consideration,,,,,0,exact-row-returned-volume-unavailable,52,demand:5; attainability:6; local:7; asset-fit:9; funnel:12; strategic:13,cluster-live-serp-observed,Primary-source-backed program guide + eligibility checklist + scenario calculator,,07-exact-longtail-metrics.json
keyword-construction-draw-financing,construction draw financing,draw-schedule-cash-flow,"Construction draw schedules, cash-flow gaps, and DrawFlow",P1,feasibility-consideration,,,,,,exact-request-returned-no-row,52,demand:5; attainability:6; local:7; asset-fit:9; funnel:12; strategic:13,cluster-live-serp-observed,Explainer + worked schedule + downloadable template + comparison + video,,
keyword-construction-draws-on-demand,construction draws on demand,draw-schedule-cash-flow,"Construction draw schedules, cash-flow gaps, and DrawFlow",P1,feasibility-consideration,,,,,,exact-request-returned-no-row,52,demand:5; attainability:6; local:7; asset-fit:9; funnel:12; strategic:13,cluster-live-serp-observed,Explainer + worked schedule + downloadable template + comparison + video,,
keyword-garden-suite-construction-loan,garden suite construction loan,garden-suite-cost-feasibility,"Garden-suite cost, feasibility, permits, rent, and ROI",P1,feasibility-consideration,,,,,,exact-request-returned-no-row,52,demand:5; attainability:6; local:7; asset-fit:9; funnel:12; strategic:13,cluster-live-serp-observed,Local feasibility guide + cost model + permit/source navigator,,
keyword-milestone-based-construction-financing,milestone based construction financing,draw-schedule-cash-flow,"Construction draw schedules, cash-flow gaps, and DrawFlow",P1,feasibility-consideration,,,,,,exact-request-returned-no-row,52,demand:5; attainability:6; local:7; asset-fit:9; funnel:12; strategic:13,cluster-live-serp-observed,Explainer + worked schedule + downloadable template + comparison + video,,
keyword-mli-select-30-year-amortization,mli select 30 year amortization,mli-select-requirements,"MLI Select requirements, scoring, and takeout readiness",P1,feasibility-consideration,,,,,,exact-request-returned-no-row,52,demand:5; attainability:6; local:7; asset-fit:9; funnel:12; strategic:13,cluster-live-serp-observed,Primary-source-backed program guide + eligibility checklist + scenario calculator,,
keyword-mli-select-5-units,mli select 5 units,mli-select-requirements,"MLI Select requirements, scoring, and takeout readiness",P1,feasibility-consideration,,,,,,exact-request-returned-no-row,52,demand:5; attainability:6; local:7; asset-fit:9; funnel:12; strategic:13,cluster-live-serp-observed,Primary-source-backed program guide + eligibility checklist + scenario calculator,,
keyword-mli-select-construction-financing,mli select construction financing,mli-select-requirements,"MLI Select requirements, scoring, and takeout readiness",P1,feasibility-consideration,,,,5.88,0.19,exact-row-returned-volume-unavailable,52,demand:5; attainability:6; local:7; asset-fit:9; funnel:12; strategic:13,cluster-live-serp-observed,Primary-source-backed program guide + eligibility checklist + scenario calculator,,07-exact-longtail-metrics.json
keyword-mli-select-dscr,mli select dscr,mli-select-requirements,"MLI Select requirements, scoring, and takeout readiness",P1,feasibility-consideration,,,,,,exact-request-returned-no-row,52,demand:5; attainability:6; local:7; asset-fit:9; funnel:12; strategic:13,cluster-live-serp-observed,Primary-source-backed program guide + eligibility checklist + scenario calculator,,
keyword-mli-select-eligibility,mli select eligibility,mli-select-requirements,"MLI Select requirements, scoring, and takeout readiness",P1,feasibility-consideration,,,,,,exact-request-returned-no-row,52,demand:5; attainability:6; local:7; asset-fit:9; funnel:12; strategic:13,cluster-live-serp-observed,Primary-source-backed program guide + eligibility checklist + scenario calculator,,
keyword-mli-select-minimum-units,mli select minimum units,mli-select-requirements,"MLI Select requirements, scoring, and takeout readiness",P1,feasibility-consideration,,,,,,exact-request-returned-no-row,52,demand:5; attainability:6; local:7; asset-fit:9; funnel:12; strategic:13,cluster-live-serp-observed,Primary-source-backed program guide + eligibility checklist + scenario calculator,,
keyword-mli-select-refinance,mli select refinance,mli-select-requirements,"MLI Select requirements, scoring, and takeout readiness",P1,feasibility-consideration,,,,,,exact-request-returned-no-row,52,demand:5; attainability:6; local:7; asset-fit:9; funnel:12; strategic:13,cluster-live-serp-observed,Primary-source-backed program guide + eligibility checklist + scenario calculator,,
keyword-mli-select-takeout-financing,mli select takeout financing,mli-select-requirements,"MLI Select requirements, scoring, and takeout readiness",P1,feasibility-consideration,,,,,,exact-request-returned-no-row,52,demand:5; attainability:6; local:7; asset-fit:9; funnel:12; strategic:13,cluster-live-serp-observed,Primary-source-backed program guide + eligibility checklist + scenario calculator,,
keyword-mli-select-vs-mli-standard,mli select vs mli standard,mli-select-requirements,"MLI Select requirements, scoring, and takeout readiness",P1,feasibility-consideration,,,,,,exact-request-returned-no-row,52,demand:5; attainability:6; local:7; asset-fit:9; funnel:12; strategic:13,cluster-live-serp-observed,Primary-source-backed program guide + eligibility checklist + scenario calculator,,
keyword-reimbursement-draw-construction-loan,reimbursement draw construction loan,draw-schedule-cash-flow,"Construction draw schedules, cash-flow gaps, and DrawFlow",P1,feasibility-consideration,,,,,,exact-request-returned-no-row,52,demand:5; attainability:6; local:7; asset-fit:9; funnel:12; strategic:13,cluster-live-serp-observed,Explainer + worked schedule + downloadable template + comparison + video,,
keyword-commercial-construction-financing-rates,commercial construction financing rates,construction-financing-readiness,Construction-financing requirements and process,P2,buying-signal,commercial,10,,,0,numeric-discovery-metric,50,demand:8; attainability:6; local:7; asset-fit:9; funnel:10; strategic:10,candidate-needs-live-serp,Requirements guide + budget/document checklist + financing process map,construction financing requirements Ontario,05-construction-financing-requirements.json
keyword-construction-financing-for-customers,construction financing for customers,construction-financing-readiness,Construction-financing requirements and process,P2,buying-signal,commercial,10,,,,numeric-discovery-metric,50,demand:8; attainability:6; local:7; asset-fit:9; funnel:10; strategic:10,candidate-needs-live-serp,Requirements guide + budget/document checklist + financing process map,construction financing requirements Ontario,05-construction-financing-requirements.json
keyword-construction-financing-near-me,construction financing near me,construction-financing-readiness,Construction-financing requirements and process,P2,buying-signal,commercial,10,,,0.89,numeric-discovery-metric,50,demand:8; attainability:6; local:7; asset-fit:9; funnel:10; strategic:10,candidate-needs-live-serp,Requirements guide + budget/document checklist + financing process map,construction financing requirements Ontario,05-construction-financing-requirements.json
keyword-cmhc-mli-select-rates,cmhc mli select rates,mli-select-requirements,"MLI Select requirements, scoring, and takeout readiness",P1,buying-signal,,,,,,exact-request-returned-no-row,50,demand:5; attainability:6; local:7; asset-fit:9; funnel:10; strategic:13,cluster-live-serp-observed,Primary-source-backed program guide + eligibility checklist + scenario calculator,,
keyword-bank-declined-construction-loan,bank declined construction loan,builder-capital-readiness,Builder working capital and project-readiness,P2,feasibility-consideration,,,,,,exact-request-returned-no-row,49,demand:5; attainability:6; local:7; asset-fit:9; funnel:12; strategic:10,candidate-needs-live-serp,Builder-readiness guide + document checklist + qualification pathway,,
keyword-builder-financing-for-multiple-projects,builder financing for multiple projects,builder-capital-readiness,Builder working capital and project-readiness,P2,feasibility-consideration,,,,,,exact-request-returned-no-row,49,demand:5; attainability:6; local:7; asset-fit:9; funnel:12; strategic:10,candidate-needs-live-serp,Builder-readiness guide + document checklist + qualification pathway,,
keyword-builder-working-capital-financing,builder working capital financing,builder-capital-readiness,Builder working capital and project-readiness,P2,feasibility-consideration,,,,,,exact-request-returned-no-row,49,demand:5; attainability:6; local:7; asset-fit:9; funnel:12; strategic:10,candidate-needs-live-serp,Builder-readiness guide + document checklist + qualification pathway,,
keyword-construction-budget-contingency-percentage,construction budget contingency percentage,construction-financing-readiness,Construction-financing requirements and process,P2,awareness-research,,,,,,exact-request-returned-no-row,49,demand:5; attainability:6; local:7; asset-fit:9; funnel:12; strategic:10,candidate-needs-live-serp,Requirements guide + budget/document checklist + financing process map,,
keyword-construction-completion-financing,construction completion financing,construction-financing-readiness,Construction-financing requirements and process,P2,feasibility-consideration,,,,,,exact-request-returned-no-row,49,demand:5; attainability:6; local:7; asset-fit:9; funnel:12; strategic:10,candidate-needs-live-serp,Requirements guide + budget/document checklist + financing process map,,
keyword-construction-loan-interest-calculation,construction loan interest calculation,construction-financing-readiness,Construction-financing requirements and process,P2,feasibility-consideration,,,,,,exact-request-returned-no-row,49,demand:5; attainability:6; local:7; asset-fit:9; funnel:12; strategic:10,candidate-needs-live-serp,Requirements guide + budget/document checklist + financing process map,,
keyword-construction-loan-interest-reserve,construction loan interest reserve,construction-financing-readiness,Construction-financing requirements and process,P2,awareness-research,,,,,0,exact-row-returned-volume-unavailable,49,demand:5; attainability:6; local:7; asset-fit:9; funnel:12; strategic:10,candidate-needs-live-serp,Requirements guide + budget/document checklist + financing process map,,07-exact-longtail-metrics.json
keyword-construction-takeout-financing,construction takeout financing,rental-conversion-takeout,"Rental conversion, stabilization, and construction-to-takeout planning",P2,feasibility-consideration,,,,,,exact-request-returned-no-row,49,demand:5; attainability:6; local:7; asset-fit:9; funnel:12; strategic:10,candidate-needs-live-serp,End-to-end conversion and takeout roadmap,,
keyword-fourplex-vs-fiveplex-financing,fourplex vs fiveplex financing,multiplex-feasibility,"Multiplex feasibility, conversion, and 5+ unit boundary",P2,awareness-research,,,,,,exact-request-returned-no-row,49,demand:5; attainability:6; local:7; asset-fit:9; funnel:12; strategic:10,candidate-needs-live-serp,Feasibility guide + property-screening checklist + 2–4 versus 5+ decision tree,,
keyword-modular-home-construction-financing,modular home construction financing,modular-prefab-financing,Modular/prefabricated construction financing,P2,feasibility-consideration,,,,,,exact-request-returned-no-row,49,demand:5; attainability:6; local:7; asset-fit:9; funnel:12; strategic:10,candidate-needs-live-serp,Financing-readiness guide for off-site deposits and takeout compatibility,,
keyword-project-finance-for-contractors,project finance for contractors,builder-capital-readiness,Builder working capital and project-readiness,P2,feasibility-consideration,,,,,,exact-request-returned-no-row,49,demand:5; attainability:6; local:7; asset-fit:9; funnel:12; strategic:10,candidate-needs-live-serp,Builder-readiness guide + document checklist + qualification pathway,,
keyword-rental-property-conversion-financing,rental property conversion financing,rental-conversion-takeout,"Rental conversion, stabilization, and construction-to-takeout planning",P2,feasibility-consideration,,,,,,exact-request-returned-no-row,49,demand:5; attainability:6; local:7; asset-fit:9; funnel:12; strategic:10,candidate-needs-live-serp,End-to-end conversion and takeout roadmap,,
keyword-stalled-construction-project-financing,stalled construction project financing,builder-capital-readiness,Builder working capital and project-readiness,P2,feasibility-consideration,,,,,,exact-request-returned-no-row,49,demand:5; attainability:6; local:7; asset-fit:9; funnel:12; strategic:10,candidate-needs-live-serp,Builder-readiness guide + document checklist + qualification pathway,,
keyword-construction-financing-for-contractors,construction financing for contractors,builder-capital-readiness,Builder working capital and project-readiness,P2,buying-signal,,,,,,exact-row-returned-volume-unavailable,47,demand:5; attainability:6; local:7; asset-fit:9; funnel:10; strategic:10,candidate-needs-live-serp,Builder-readiness guide + document checklist + qualification pathway,,07-exact-longtail-metrics.json
keyword-construction-financing-for-first-time-developer,construction financing for first time developer,builder-capital-readiness,Builder working capital and project-readiness,P2,buying-signal,,,,,,exact-request-returned-no-row,47,demand:5; attainability:6; local:7; asset-fit:9; funnel:10; strategic:10,candidate-needs-live-serp,Builder-readiness guide + document checklist + qualification pathway,,
