query,location,language,ok,rank,type,title,url,domain,description,sourceFile
garden suite cost toronto,"Toronto, Ontario, Canada",en,true,1,ai_overview,,,,,10-serp-garden-suite-cost.json
garden suite cost toronto,"Toronto, Ontario, Canada",en,true,2,organic,Garden Suites: cost effective? : r/TorontoRealEstate,https://www.reddit.com/r/TorontoRealEstate/comments/vzeubg/garden_suites_cost_effective/,www.reddit.com,"What are your thoughts on garden suites now becoming legal?

Some of the restrictions include that it can only be a single unit (obviously) and up to 645 ...",10-serp-garden-suite-cost.json
garden suite cost toronto,"Toronto, Ontario, Canada",en,true,3,organic,"Garden Suite Cost Toronto | Build Price, Permits & ROI",https://mbc.homes/garden_suite_cost_toronto/,mbc.homes,"From ≈ $250,000 for a simple, one-bed detached backyard unit on a qualifying Toronto lot. Up to $550,000 + (and often higher) for custom designs,",10-serp-garden-suite-cost.json
garden suite cost toronto,"Toronto, Ontario, Canada",en,true,4,people_also_ask,,,,,10-serp-garden-suite-cost.json
garden suite cost toronto,"Toronto, Ontario, Canada",en,true,5,organic,Garden Suite Cost in Toronto: 2025 Guide,https://gardensuitehome.ca/garden-suite-cost-in-toronto/,gardensuitehome.ca,"Aug 13, 2025 — Expect to budget $235,000–$315,000 for a typical unit, with possible savings from modular builds or incentives. Around CAD 333–417 per sq ft ...",10-serp-garden-suite-cost.json
garden suite cost toronto,"Toronto, Ontario, Canada",en,true,6,discussions_and_forums,Discussions and forums,,,,10-serp-garden-suite-cost.json
garden suite cost toronto,"Toronto, Ontario, Canada",en,true,7,organic,How Much Does a Garden Suite Cost in Toronto? (2026 ...,https://konstruction.ca/blog/garden-suite-cost-toronto,konstruction.ca,"Apr 18, 2026 — A Toronto garden suite costs $275,000–$550,000 all-in for a 400–1,076 sq ft build, or roughly $400–$650 per square foot in 2026. Read more",10-serp-garden-suite-cost.json
garden suite cost toronto,"Toronto, Ontario, Canada",en,true,8,video,,,,,10-serp-garden-suite-cost.json
garden suite cost toronto,"Toronto, Ontario, Canada",en,true,9,organic,A Comprehensive Guide to Building a Garden Suite in Toronto,https://gardensuitestoronto.com/blog/building-a-garden-suite-toronto/,gardensuitestoronto.com,"Prices range due to size and designs, but the average is $150,000-$200,000. $425,000-550,000. Building a garden suite can cost upwards of $300,000+, depending ...",10-serp-garden-suite-cost.json
garden suite cost toronto,"Toronto, Ontario, Canada",en,true,10,organic,Garden Suite Cost Calculator — BVM Homes,https://www.bvmcontracting.com/blog/garden-suite-cost-calculator,www.bvmcontracting.com,"Jan 14, 2026 — You can expect each unit to be between $1,000-$2,000 per unit for supply and install. In-floor heating is possible but will be more of a nice- ...",10-serp-garden-suite-cost.json
garden suite cost toronto,"Toronto, Ontario, Canada",en,true,11,organic,What are the costs associated with building a garden suite ...,https://www.facebook.com/groups/150305318784222/posts/1713791655768906/,www.facebook.com,"What should I budget for drawing up plans and getting a permit? Architeral drawings, engineering stamp, mechanical drawings etc…Is this the “soft” ...",10-serp-garden-suite-cost.json
garden suite cost toronto,"Toronto, Ontario, Canada",en,true,12,related_searches,,,,,10-serp-garden-suite-cost.json
garden suite cost toronto,"Toronto, Ontario, Canada",en,true,1,knowledge_graph,Garden Suites Toronto,https://gardensuitestoronto.com/,,"From Garden Suites Toronto ""Garden Suites Toronto specializes in design build services for detached accessory dwelling units generally located in the rear yard of a detached house, semi-detached house, townhouse, or other low-rise dwelling.

A garden suite, known by many... More",10-serp-garden-suite-cost.json
garden suite cost toronto,"Toronto, Ontario, Canada",en,true,2,google_reviews,,,,,10-serp-garden-suite-cost.json
garden suite cost toronto,"Toronto, Ontario, Canada",en,true,13,organic,Garden Suite Cost Toronto 2026 | Per Sq Ft & Permits,https://maserat.ca/blog/laneway-and-garden-suite-cost-toronto/,maserat.ca,"Apr 14, 2026 — Garden suites cost $400–$550 per square foot for construction depending on finish level. A typical 600 sqft garden suite runs $240,000–$330,000 ... Read more",10-serp-garden-suite-cost.json
garden suite cost toronto,"Toronto, Ontario, Canada",en,true,14,organic,Additional Costs When Building a Garden Suite in Toronto,https://vigohouse.ca/additional-costs-when-building-a-garden-suite-in-toronto/,vigohouse.ca,"Oct 25, 2024 — Estimated Total Additional Costs · Survey: $1,500 – $3,000 · Zoning certificate: $1,500 – $6,000 · Building permit: $2,640 – $4,000 ... Read more",10-serp-garden-suite-cost.json
garden suite cost toronto,"Toronto, Ontario, Canada",en,true,15,organic,Toronto Garden Suite Cost: What It Really Takes to Build ...,https://bridge.broker/home-improvement/toronto-garden-suite-cost/,bridge.broker,"Mar 13, 2026 — In summary: Toronto garden suites typically cost between $300–$600 per square foot when accounting for construction, permits, servicing, and ... Read more",10-serp-garden-suite-cost.json
garden suite cost toronto,"Toronto, Ontario, Canada",en,true,16,organic,How Much Does It Cost to Build a Garden Suite in Toronto in ...,https://renotec.ca/how-much-it-costs-to-build-a-garden-suite/,renotec.ca,"Most garden suites in Toronto cost between $250,000 and $450,000+, depending on the size, design, site conditions, permits, utility work, and finishes. Read more",10-serp-garden-suite-cost.json
garden suite cost toronto,"Toronto, Ontario, Canada",en,true,17,organic,Garden Suite Cost Toronto - Your Complete Budgeting Guide,https://landsignal.ai/blog/garden-suite-cost-toronto/,landsignal.ai,"May 3, 2025 — Current Garden Suite Cost Toronto figures show construction averaging $250-$450 per square foot, though smaller units (under 600 square feet) typically command ... Read more",10-serp-garden-suite-cost.json
garden suite cost toronto,"Toronto, Ontario, Canada",en,true,18,organic,Will Prefab Garden Suites Help Toronto's Housing Affordability?,https://storeys.com/toronto-prefab-garden-suites/,storeys.com,"Feb 14, 2024 — BLOKK garden suites, however, start at just $85K for a basic studio model – something that just may be enough to motivate homeowners. “We're ... Read more",10-serp-garden-suite-cost.json
cmhc mli select requirements,"Toronto, Ontario, Canada",en,true,1,organic,MLI Select,https://www.cmhc-schl.gc.ca/professionals/project-funding-and-mortgage-financing/mortgage-loan-insurance/multi-unit-insurance/mliselect,www.cmhc-schl.gc.ca,"Nov 15, 2024 — To be eligible your project must have a minimum of 5 units except retirement homes where a minimum of 50 units/beds is required. Non-residential ... Read more",11-serp-mli-requirements.json
cmhc mli select requirements,"Toronto, Ontario, Canada",en,true,2,organic,CMHC's MLI Select,https://assets.cmhc-schl.gc.ca/sites/cmhc/professional/project-funding-and-mortgage-financing/mortgage-loan-insurance/multi-unit-insurance/mliselect/mli-select.pdf,assets.cmhc-schl.gc.ca,"The borrower must have minimum net worth equal to at least 25% of the loan amount being requested, with a minimum of $100,000.",11-serp-mli-requirements.json
cmhc mli select requirements,"Toronto, Ontario, Canada",en,true,3,ai_overview,,,,,11-serp-mli-requirements.json
cmhc mli select requirements,"Toronto, Ontario, Canada",en,true,4,people_also_ask,,,,,11-serp-mli-requirements.json
cmhc mli select requirements,"Toronto, Ontario, Canada",en,true,5,video,,,,,11-serp-mli-requirements.json
cmhc mli select requirements,"Toronto, Ontario, Canada",en,true,6,organic,MLI Select - Energy efficiency,https://buildingexpert.ca/efficiency/mli-select/,buildingexpert.ca,New Buildings: Level 1 (20 points) – At least 20% better than the NECB/NBC requirements. Level 2 (35 points) – At least 25% better than the NECB/NBC  ...,11-serp-mli-requirements.json
cmhc mli select requirements,"Toronto, Ontario, Canada",en,true,7,organic,Understanding MLI Select: Construction Process,https://www.mcap.com/blog/understanding-mli-select-construction-process,www.mcap.com,"Jan 9, 2025 — CMHC requires 50% labour/material and 50% performance bonding on all major contracts. The process is typically one draw every month,",11-serp-mli-requirements.json
cmhc mli select requirements,"Toronto, Ontario, Canada",en,true,8,organic,Mortgage Loan Insurance for Multi-Unit & Rental Housing,https://www.cmhc-schl.gc.ca/professionals/project-funding-and-mortgage-financing/mortgage-loan-insurance/multi-unit-insurance,www.cmhc-schl.gc.ca,"MLI Select. Access reduced premiums and longer amortization periods based on your client's level of commitment to affordability, accessibility and climate ... Read more",11-serp-mli-requirements.json
cmhc mli select requirements,"Toronto, Ontario, Canada",en,true,9,organic,"CMHC MLI Select: Rates, Points & 95% Financing (2026)",https://lendcity.ca/blog/cmhc-mli-select-multifamily-guide/,lendcity.ca,6 days ago — MLI Select requires a minimum 5-unit multi-family residential property and projects must accumulate 50+ points (with 100+ points needed for ...,11-serp-mli-requirements.json
cmhc mli select requirements,"Toronto, Ontario, Canada",en,true,10,organic,CMHC MLI Select Financing,https://sb-llp.com/knowledge-bank/cmhc-mli-select-financing-what-developers-investors-need-to-know,sb-llp.com,"Oct 23, 2025 — Why MLI Select? Flexible Financing for Impactful Housing · Amortization periods up to 50 years · Loan-to-value ratios up to 95% · Reduced debt ... Read more",11-serp-mli-requirements.json
cmhc mli select requirements,"Toronto, Ontario, Canada",en,true,11,organic,"CMHC MLI Select Program: Eligibility, Benefits & Application",https://www.gta-homes.com/cmhc-mli-select-program/,www.gta-homes.com,"There must be at least five rental units in the same building and on the same lot, and they must meet the main criteria for affordability, energy efficiency, ... Read more",11-serp-mli-requirements.json
cmhc mli select requirements,"Toronto, Ontario, Canada",en,true,12,related_searches,,,,,11-serp-mli-requirements.json
cmhc mli select requirements,"Toronto, Ontario, Canada",en,true,13,organic,CMHC MLI Select Program : r/RealEstateCanada,https://www.reddit.com/r/RealEstateCanada/comments/1ck6zxd/cmhc_mli_select_program/,www.reddit.com,Working my way through a multi family project in central Alberta using the MLI Select program from CMHC. It seems like the requirements keep changing. Read more,11-serp-mli-requirements.json
cmhc mli select requirements,"Toronto, Ontario, Canada",en,true,14,organic,CMHC MLI Select: Providing Insight and a Framework,https://www.canadaici.com/insights/cmhc-mli-select/,www.canadaici.com,A wider application criteria within a streamlined process · Ability to acquire and refinance existing assets within MLI Select programming · Expansion of benefits ... Read more,11-serp-mli-requirements.json
cmhc mli select requirements,"Toronto, Ontario, Canada",en,true,15,organic,Multi-unit CMHC MLI Select - Required Documentation Guide,https://assets.cmhc-schl.gc.ca/sites/cmhc/professional/project-funding-and-mortgage-financing/mortgage-loan-insurance/multi-unit-insurance/mliselect/mli-select-required-document-en.pdf?rev=9ae87665-d723-4a2e-9d41-878d139d0d99,assets.cmhc-schl.gc.ca,"The Approved Lender must submit to CMHC Underwriting documentation, including a signed attestation, provided by the borrower that demonstrates the borrower's ... Read more",11-serp-mli-requirements.json
cmhc mli select requirements,"Toronto, Ontario, Canada",en,true,16,organic,Mastering the CMHC MLI Select Application,https://www.exitrealtymatrix.com/blog/mastering-the-cmhc-mli-select-application/,www.exitrealtymatrix.com,"This guide will walk you through the CMHC MLI Select application process step by step, from understanding the program's value to preparing key documentation. Read more",11-serp-mli-requirements.json
cmhc mli select requirements,"Toronto, Ontario, Canada",en,true,17,organic,CMHC Lending Program Update,https://www.cmls.ca/cmhc-lending-program-update-nov,www.cmls.ca,"Nov 28, 2025 — For the MLI Select product, energy efficiency commitments for new construction applications are assessed against the National Building Code (NBC) ... Read more",11-serp-mli-requirements.json
cmhc mli select requirements,"Toronto, Ontario, Canada",en,true,18,organic,Your Ultimate Guide to CMHC's MLI Select Program,https://www.aspirepeakproperties.com/post/cmhc-mli-select-program-guide,www.aspirepeakproperties.com,"Mar 8, 2025 — Applying for MLI Select is as straightforward as it gets. Start by downloading the MLI Select Required Documentation Guide and attestation forms ... Read more",11-serp-mli-requirements.json
cmhc mli select requirements,"Toronto, Ontario, Canada",en,true,19,organic,How to best benefit from the MLI Select program?,https://legault-dubois.ca/mli-select/?lang=en,legault-dubois.ca,"For a project to earn 100 affordability points, at least 25% of the units must be offered at no more than 30% of the applicable median income. In this case, for ... Read more",11-serp-mli-requirements.json
cmhc mli select requirements,"Toronto, Ontario, Canada",en,true,20,organic,Maximizing CMHC MLI Select Benefits for Alberta Investors,https://newhomesalberta.ca/common-questions-about-the-mli-select-program-in-alberta/,newhomesalberta.ca,What are the key criteria for qualifying for MLI Select? · Net worth requirement (25% of property value) · Liquidity requirement (10% of property value in liquid ... Read more,11-serp-mli-requirements.json
construction loan draw schedule,"Toronto, Ontario, Canada",en,true,1,ai_overview,,,,,12-serp-draw-schedule.json
construction loan draw schedule,"Toronto, Ontario, Canada",en,true,2,organic,Home Construction Loan Draw Schedule Ontario,https://buildersontario.com/home-construction-loan-draw-schedule/,buildersontario.com,A home construction loan draw schedule Ontario is simply the plan for how loan funds get released in pieces as the work gets completed. most schedules land in ...,12-serp-draw-schedule.json
construction loan draw schedule,"Toronto, Ontario, Canada",en,true,3,organic,Mortgages for Building Your Own Home - RBC Royal Bank,https://www.rbcroyalbank.com/mortgages/building-your-own-house.html,www.rbcroyalbank.com,"Example of a Progress Draw Schedule for a Construction Mortgage. Start. Construction financing approved for $600,000. Rate commitment begins. Draw. 1. $130,000. Read more",12-serp-draw-schedule.json
construction loan draw schedule,"Toronto, Ontario, Canada",en,true,4,organic,Draw Schedules: How to Negotiate a Fair Payment Plan,https://buildingadvisor.com/project-management/finance/draw-schedules/,buildingadvisor.com,"A draw schedule of five to seven payments is common for a new house. Most draw schedules link payments with milestones in the project, such as completion of the ... Read more",12-serp-draw-schedule.json
construction loan draw schedule,"Toronto, Ontario, Canada",en,true,5,organic,Sample Construction Disbursement Schedule,https://mutualsavings.com/wp-content/uploads/2020/02/Sample-Construction-Draw-Schedule.pdf,mutualsavings.com,"Land Draw (If Applicable): $ First Disbursement Total of 20% - if Needed 1. Lot Cleared & Filled 3.00% 2. Pilings, Beams, Rebar",12-serp-draw-schedule.json
construction loan draw schedule,"Toronto, Ontario, Canada",en,true,6,people_also_ask,,,,,12-serp-draw-schedule.json
construction loan draw schedule,"Toronto, Ontario, Canada",en,true,7,organic,Draw Schedules: Streamlining Construction Finance,https://www.procore.com/library/construction-draw-schedule,www.procore.com,A construction draw schedule is a financial plan that outlines when project's funds will be requested over the course of the project. Read more,12-serp-draw-schedule.json
construction loan draw schedule,"Toronto, Ontario, Canada",en,true,8,images,Images,https://www.google.com/search?sca_esv=cddd62cdcec56474&hl=en&gl=CA&q=construction+loan+draw+schedule&udm=2&source=univ&fir=C6ZrF4mazgEmKM%252CiKB7sBbD8hUWxM%252C_%253BuCmGmQOxWTZlNM%252CiKB7sBbD8hUWxM%252C_%253BUX0JS3DzV_1-OM%252CoyfRGMlbX7nl3M%252C_%253BFfbxYU0Tw4prDM%252CjVRFOGDqamvD7M%252C_%253BXB1VfcnpYN2hVM%252CYNZi3JsJTsvWyM%252C_%253BmGob8F0H3MADXM%252CLbFHF61FQ7WFVM%252C_%253BWYQZ2oO0p8ZlLM%252CkQJg_aWXyIWd7M%252C_%253BtPjnCf_MQj3vAM%252Cm6v1Y4yRhMFnmM%252C_%253B8i1IB9pUOaFY3M%252CVwpg5Wr55Ue5UM%252C_&usg=AI4_-kT2MAGvIRsJ5LBqHohyAlFoofuuMg&sa=X&ved=2ahUKEwipv8umjdmVAxXt1vACHZ3aCa4Q7Al6BAhVEAU,,,12-serp-draw-schedule.json
construction loan draw schedule,"Toronto, Ontario, Canada",en,true,9,organic,Guide to Construction Loans in Canada 2026,https://wowa.ca/construction-loans,wowa.ca,"Jun 25, 2026 — A construction draw schedule outlines when construction draws are paid. The contractor negotiates a draw schedule before construction begins. Read more",12-serp-draw-schedule.json
construction loan draw schedule,"Toronto, Ontario, Canada",en,true,10,organic,Draw Schedule - Glossary of CRE Terms,https://www.adventuresincre.com/glossary/draw-schedule/,www.adventuresincre.com,"Jul 3, 2025 — The construction draw schedule details how construction loan proceeds are anticipated to be used/disbursed over the loan period. Read more",12-serp-draw-schedule.json
construction loan draw schedule,"Toronto, Ontario, Canada",en,true,11,organic,Construction Draw Schedule: How to Reduce Cash Flow ...,https://www.clockshark.com/blog/construction-draw-schedule,www.clockshark.com,A construction draw schedule is a form of construction business financing. It's the how and when construction funds are distributed for a project.,12-serp-draw-schedule.json
construction loan draw schedule,"Toronto, Ontario, Canada",en,true,12,related_searches,,,,,12-serp-draw-schedule.json
construction loan draw schedule,"Toronto, Ontario, Canada",en,true,13,organic,Watch Me Build: Construction Draw Schedule,https://www.youtube.com/watch?v=mWzIEBMH6g8,www.youtube.com,,12-serp-draw-schedule.json
construction loan draw schedule,"Toronto, Ontario, Canada",en,true,14,organic,Construction Draws Explained,https://hillmount.ca/construction-draws-explained/,hillmount.ca,"The lender and borrower agree on a draw schedule, which is a series of milestones or project stages that determine when funds will be disbursed. A well thought ... Read more",12-serp-draw-schedule.json
construction loan draw schedule,"Toronto, Ontario, Canada",en,true,15,organic,"Construction Financing in Ontario: Draws, Private Lenders ...",https://www.richviewcapital.com/blog/construction-financing-ontario/,www.richviewcapital.com,The draw schedule is the operational backbone of any construction loan. It defines how much of the total loan facility is released at each stage of construction ... Read more,12-serp-draw-schedule.json
construction loan draw schedule,"Toronto, Ontario, Canada",en,true,16,organic,Understanding the Construction Draw Schedule,https://propertymetrics.com/blog/construction-draw-schedule/,propertymetrics.com,"Jan 7, 2023 — The construction draw schedule determines how and when construction loan funds are distributed. However, in order to fully understand the construction draw ... Read more",12-serp-draw-schedule.json
construction loan draw schedule,"Toronto, Ontario, Canada",en,true,17,organic,Draw Schedule Sample,https://dhcd.maryland.gov/HousingDevelopment/Documents/rhf/DrawSchedule.xls,dhcd.maryland.gov,"9. 10, Constructon Costs. 11, Construction Contract, -, 0. 12, Construction Contingency, -. 13, Bond Premium, -. 14, Sub Total, -, -. 15. 16, Fees Related to ... Read more",12-serp-draw-schedule.json
construction loan draw schedule,"Toronto, Ontario, Canada",en,true,18,organic,Construction Loan Draw Schedule,https://www.pinterest.com/ideas/construction-loan-draw-schedule/932702513699/,www.pinterest.com,Discover Pinterest's best ideas and inspiration for Construction loan draw schedule. Get inspired and try out new things. 28 people searched this. Read more,12-serp-draw-schedule.json
construction loan draw schedule,"Toronto, Ontario, Canada",en,true,19,organic,Ontario Construction Draw Schedule Calculator (2026),https://buildersontario.com/ontario-construction-mortgage-draw-schedule/,buildersontario.com,"Free 2026 calculator : see when your Ontario construction mortgage draws release, the 10% holdback, and your carrying costs stage by stage.",12-serp-draw-schedule.json
construction loan draw schedule,"Toronto, Ontario, Canada",en,true,20,organic,Construction Financing: Creating A Draw Schedule,https://www.loghome.com/articles/lowdown-draw/,www.loghome.com,"A typical draw schedule might call for four to six payments, spread out as follows: For site prep and foundation excavation. A downpayment to being log package ... Read more",12-serp-draw-schedule.json
